{
  "": {
    "dependencies": "/Users/Celine/swiftCLIUpdateTool/.build/x86_64-apple-macosx/release/Alamofire.build/Alamofire.d",
    "object": "/Users/Celine/swiftCLIUpdateTool/.build/x86_64-apple-macosx/release/Alamofire.build/Alamofire.o",
    "swift-dependencies": "/Users/Celine/swiftCLIUpdateTool/.build/x86_64-apple-macosx/release/Alamofire.build/master.swiftdeps"
  },
  "/Users/Celine/swiftCLIUpdateTool/.build/checkouts/Alamofire/Source/AFError.swift": {
    "object": "/Users/Celine/swiftCLIUpdateTool/.build/x86_64-apple-macosx/release/Alamofire.build/AFError.swift.o",
    "swiftmodule": "/Users/Celine/swiftCLIUpdateTool/.build/x86_64-apple-macosx/release/Alamofire.build/AFError~partial.swiftmodule",
    "swift-dependencies": "/Users/Celine/swiftCLIUpdateTool/.build/x86_64-apple-macosx/release/Alamofire.build/AFError.swiftdeps"
  },
  "/Users/Celine/swiftCLIUpdateTool/.build/checkouts/Alamofire/Source/Alamofire.swift": {
    "object": "/Users/Celine/swiftCLIUpdateTool/.build/x86_64-apple-macosx/release/Alamofire.build/Alamofire.swift.o",
    "swiftmodule": "/Users/Celine/swiftCLIUpdateTool/.build/x86_64-apple-macosx/release/Alamofire.build/Alamofire~partial.swiftmodule",
    "swift-dependencies": "/Users/Celine/swiftCLIUpdateTool/.build/x86_64-apple-macosx/release/Alamofire.build/Alamofire.swiftdeps"
  },
  "/Users/Celine/swiftCLIUpdateTool/.build/checkouts/Alamofire/Source/AlamofireExtended.swift": {
    "object": "/Users/Celine/swiftCLIUpdateTool/.build/x86_64-apple-macosx/release/Alamofire.build/AlamofireExtended.swift.o",
    "swiftmodule": "/Users/Celine/swiftCLIUpdateTool/.build/x86_64-apple-macosx/release/Alamofire.build/AlamofireExtended~partial.swiftmodule",
    "swift-dependencies": "/Users/Celine/swiftCLIUpdateTool/.build/x86_64-apple-macosx/release/Alamofire.build/AlamofireExtended.swiftdeps"
  },
  "/Users/Celine/swiftCLIUpdateTool/.build/checkouts/Alamofire/Source/AuthenticationInterceptor.swift": {
    "object": "/Users/Celine/swiftCLIUpdateTool/.build/x86_64-apple-macosx/release/Alamofire.build/AuthenticationInterceptor.swift.o",
    "swiftmodule": "/Users/Celine/swiftCLIUpdateTool/.build/x86_64-apple-macosx/release/Alamofire.build/AuthenticationInterceptor~partial.swiftmodule",
    "swift-dependencies": "/Users/Celine/swiftCLIUpdateTool/.build/x86_64-apple-macosx/release/Alamofire.build/AuthenticationInterceptor.swiftdeps"
  },
  "/Users/Celine/swiftCLIUpdateTool/.build/checkouts/Alamofire/Source/CachedResponseHandler.swift": {
    "object": "/Users/Celine/swiftCLIUpdateTool/.build/x86_64-apple-macosx/release/Alamofire.build/CachedResponseHandler.swift.o",
    "swiftmodule": "/Users/Celine/swiftCLIUpdateTool/.build/x86_64-apple-macosx/release/Alamofire.build/CachedResponseHandler~partial.swiftmodule",
    "swift-dependencies": "/Users/Celine/swiftCLIUpdateTool/.build/x86_64-apple-macosx/release/Alamofire.build/CachedResponseHandler.swiftdeps"
  },
  "/Users/Celine/swiftCLIUpdateTool/.build/checkouts/Alamofire/Source/Combine.swift": {
    "object": "/Users/Celine/swiftCLIUpdateTool/.build/x86_64-apple-macosx/release/Alamofire.build/Combine.swift.o",
    "swiftmodule": "/Users/Celine/swiftCLIUpdateTool/.build/x86_64-apple-macosx/release/Alamofire.build/Combine~partial.swiftmodule",
    "swift-dependencies": "/Users/Celine/swiftCLIUpdateTool/.build/x86_64-apple-macosx/release/Alamofire.build/Combine.swiftdeps"
  },
  "/Users/Celine/swiftCLIUpdateTool/.build/checkouts/Alamofire/Source/Concurrency.swift": {
    "object": "/Users/Celine/swiftCLIUpdateTool/.build/x86_64-apple-macosx/release/Alamofire.build/Concurrency.swift.o",
    "swiftmodule": "/Users/Celine/swiftCLIUpdateTool/.build/x86_64-apple-macosx/release/Alamofire.build/Concurrency~partial.swiftmodule",
    "swift-dependencies": "/Users/Celine/swiftCLIUpdateTool/.build/x86_64-apple-macosx/release/Alamofire.build/Concurrency.swiftdeps"
  },
  "/Users/Celine/swiftCLIUpdateTool/.build/checkouts/Alamofire/Source/DispatchQueue+Alamofire.swift": {
    "object": "/Users/Celine/swiftCLIUpdateTool/.build/x86_64-apple-macosx/release/Alamofire.build/DispatchQueue+Alamofire.swift.o",
    "swiftmodule": "/Users/Celine/swiftCLIUpdateTool/.build/x86_64-apple-macosx/release/Alamofire.build/DispatchQueue+Alamofire~partial.swiftmodule",
    "swift-dependencies": "/Users/Celine/swiftCLIUpdateTool/.build/x86_64-apple-macosx/release/Alamofire.build/DispatchQueue+Alamofire.swiftdeps"
  },
  "/Users/Celine/swiftCLIUpdateTool/.build/checkouts/Alamofire/Source/EventMonitor.swift": {
    "object": "/Users/Celine/swiftCLIUpdateTool/.build/x86_64-apple-macosx/release/Alamofire.build/EventMonitor.swift.o",
    "swiftmodule": "/Users/Celine/swiftCLIUpdateTool/.build/x86_64-apple-macosx/release/Alamofire.build/EventMonitor~partial.swiftmodule",
    "swift-dependencies": "/Users/Celine/swiftCLIUpdateTool/.build/x86_64-apple-macosx/release/Alamofire.build/EventMonitor.swiftdeps"
  },
  "/Users/Celine/swiftCLIUpdateTool/.build/checkouts/Alamofire/Source/HTTPHeaders.swift": {
    "object": "/Users/Celine/swiftCLIUpdateTool/.build/x86_64-apple-macosx/release/Alamofire.build/HTTPHeaders.swift.o",
    "swiftmodule": "/Users/Celine/swiftCLIUpdateTool/.build/x86_64-apple-macosx/release/Alamofire.build/HTTPHeaders~partial.swiftmodule",
    "swift-dependencies": "/Users/Celine/swiftCLIUpdateTool/.build/x86_64-apple-macosx/release/Alamofire.build/HTTPHeaders.swiftdeps"
  },
  "/Users/Celine/swiftCLIUpdateTool/.build/checkouts/Alamofire/Source/HTTPMethod.swift": {
    "object": "/Users/Celine/swiftCLIUpdateTool/.build/x86_64-apple-macosx/release/Alamofire.build/HTTPMethod.swift.o",
    "swiftmodule": "/Users/Celine/swiftCLIUpdateTool/.build/x86_64-apple-macosx/release/Alamofire.build/HTTPMethod~partial.swiftmodule",
    "swift-dependencies": "/Users/Celine/swiftCLIUpdateTool/.build/x86_64-apple-macosx/release/Alamofire.build/HTTPMethod.swiftdeps"
  },
  "/Users/Celine/swiftCLIUpdateTool/.build/checkouts/Alamofire/Source/MultipartFormData.swift": {
    "object": "/Users/Celine/swiftCLIUpdateTool/.build/x86_64-apple-macosx/release/Alamofire.build/MultipartFormData.swift.o",
    "swiftmodule": "/Users/Celine/swiftCLIUpdateTool/.build/x86_64-apple-macosx/release/Alamofire.build/MultipartFormData~partial.swiftmodule",
    "swift-dependencies": "/Users/Celine/swiftCLIUpdateTool/.build/x86_64-apple-macosx/release/Alamofire.build/MultipartFormData.swiftdeps"
  },
  "/Users/Celine/swiftCLIUpdateTool/.build/checkouts/Alamofire/Source/MultipartUpload.swift": {
    "object": "/Users/Celine/swiftCLIUpdateTool/.build/x86_64-apple-macosx/release/Alamofire.build/MultipartUpload.swift.o",
    "swiftmodule": "/Users/Celine/swiftCLIUpdateTool/.build/x86_64-apple-macosx/release/Alamofire.build/MultipartUpload~partial.swiftmodule",
    "swift-dependencies": "/Users/Celine/swiftCLIUpdateTool/.build/x86_64-apple-macosx/release/Alamofire.build/MultipartUpload.swiftdeps"
  },
  "/Users/Celine/swiftCLIUpdateTool/.build/checkouts/Alamofire/Source/NetworkReachabilityManager.swift": {
    "object": "/Users/Celine/swiftCLIUpdateTool/.build/x86_64-apple-macosx/release/Alamofire.build/NetworkReachabilityManager.swift.o",
    "swiftmodule": "/Users/Celine/swiftCLIUpdateTool/.build/x86_64-apple-macosx/release/Alamofire.build/NetworkReachabilityManager~partial.swiftmodule",
    "swift-dependencies": "/Users/Celine/swiftCLIUpdateTool/.build/x86_64-apple-macosx/release/Alamofire.build/NetworkReachabilityManager.swiftdeps"
  },
  "/Users/Celine/swiftCLIUpdateTool/.build/checkouts/Alamofire/Source/Notifications.swift": {
    "object": "/Users/Celine/swiftCLIUpdateTool/.build/x86_64-apple-macosx/release/Alamofire.build/Notifications.swift.o",
    "swiftmodule": "/Users/Celine/swiftCLIUpdateTool/.build/x86_64-apple-macosx/release/Alamofire.build/Notifications~partial.swiftmodule",
    "swift-dependencies": "/Users/Celine/swiftCLIUpdateTool/.build/x86_64-apple-macosx/release/Alamofire.build/Notifications.swiftdeps"
  },
  "/Users/Celine/swiftCLIUpdateTool/.build/checkouts/Alamofire/Source/OperationQueue+Alamofire.swift": {
    "object": "/Users/Celine/swiftCLIUpdateTool/.build/x86_64-apple-macosx/release/Alamofire.build/OperationQueue+Alamofire.swift.o",
    "swiftmodule": "/Users/Celine/swiftCLIUpdateTool/.build/x86_64-apple-macosx/release/Alamofire.build/OperationQueue+Alamofire~partial.swiftmodule",
    "swift-dependencies": "/Users/Celine/swiftCLIUpdateTool/.build/x86_64-apple-macosx/release/Alamofire.build/OperationQueue+Alamofire.swiftdeps"
  },
  "/Users/Celine/swiftCLIUpdateTool/.build/checkouts/Alamofire/Source/ParameterEncoder.swift": {
    "object": "/Users/Celine/swiftCLIUpdateTool/.build/x86_64-apple-macosx/release/Alamofire.build/ParameterEncoder.swift.o",
    "swiftmodule": "/Users/Celine/swiftCLIUpdateTool/.build/x86_64-apple-macosx/release/Alamofire.build/ParameterEncoder~partial.swiftmodule",
    "swift-dependencies": "/Users/Celine/swiftCLIUpdateTool/.build/x86_64-apple-macosx/release/Alamofire.build/ParameterEncoder.swiftdeps"
  },
  "/Users/Celine/swiftCLIUpdateTool/.build/checkouts/Alamofire/Source/ParameterEncoding.swift": {
    "object": "/Users/Celine/swiftCLIUpdateTool/.build/x86_64-apple-macosx/release/Alamofire.build/ParameterEncoding.swift.o",
    "swiftmodule": "/Users/Celine/swiftCLIUpdateTool/.build/x86_64-apple-macosx/release/Alamofire.build/ParameterEncoding~partial.swiftmodule",
    "swift-dependencies": "/Users/Celine/swiftCLIUpdateTool/.build/x86_64-apple-macosx/release/Alamofire.build/ParameterEncoding.swiftdeps"
  },
  "/Users/Celine/swiftCLIUpdateTool/.build/checkouts/Alamofire/Source/Protected.swift": {
    "object": "/Users/Celine/swiftCLIUpdateTool/.build/x86_64-apple-macosx/release/Alamofire.build/Protected.swift.o",
    "swiftmodule": "/Users/Celine/swiftCLIUpdateTool/.build/x86_64-apple-macosx/release/Alamofire.build/Protected~partial.swiftmodule",
    "swift-dependencies": "/Users/Celine/swiftCLIUpdateTool/.build/x86_64-apple-macosx/release/Alamofire.build/Protected.swiftdeps"
  },
  "/Users/Celine/swiftCLIUpdateTool/.build/checkouts/Alamofire/Source/RedirectHandler.swift": {
    "object": "/Users/Celine/swiftCLIUpdateTool/.build/x86_64-apple-macosx/release/Alamofire.build/RedirectHandler.swift.o",
    "swiftmodule": "/Users/Celine/swiftCLIUpdateTool/.build/x86_64-apple-macosx/release/Alamofire.build/RedirectHandler~partial.swiftmodule",
    "swift-dependencies": "/Users/Celine/swiftCLIUpdateTool/.build/x86_64-apple-macosx/release/Alamofire.build/RedirectHandler.swiftdeps"
  },
  "/Users/Celine/swiftCLIUpdateTool/.build/checkouts/Alamofire/Source/Request.swift": {
    "object": "/Users/Celine/swiftCLIUpdateTool/.build/x86_64-apple-macosx/release/Alamofire.build/Request.swift.o",
    "swiftmodule": "/Users/Celine/swiftCLIUpdateTool/.build/x86_64-apple-macosx/release/Alamofire.build/Request~partial.swiftmodule",
    "swift-dependencies": "/Users/Celine/swiftCLIUpdateTool/.build/x86_64-apple-macosx/release/Alamofire.build/Request.swiftdeps"
  },
  "/Users/Celine/swiftCLIUpdateTool/.build/checkouts/Alamofire/Source/RequestInterceptor.swift": {
    "object": "/Users/Celine/swiftCLIUpdateTool/.build/x86_64-apple-macosx/release/Alamofire.build/RequestInterceptor.swift.o",
    "swiftmodule": "/Users/Celine/swiftCLIUpdateTool/.build/x86_64-apple-macosx/release/Alamofire.build/RequestInterceptor~partial.swiftmodule",
    "swift-dependencies": "/Users/Celine/swiftCLIUpdateTool/.build/x86_64-apple-macosx/release/Alamofire.build/RequestInterceptor.swiftdeps"
  },
  "/Users/Celine/swiftCLIUpdateTool/.build/checkouts/Alamofire/Source/RequestTaskMap.swift": {
    "object": "/Users/Celine/swiftCLIUpdateTool/.build/x86_64-apple-macosx/release/Alamofire.build/RequestTaskMap.swift.o",
    "swiftmodule": "/Users/Celine/swiftCLIUpdateTool/.build/x86_64-apple-macosx/release/Alamofire.build/RequestTaskMap~partial.swiftmodule",
    "swift-dependencies": "/Users/Celine/swiftCLIUpdateTool/.build/x86_64-apple-macosx/release/Alamofire.build/RequestTaskMap.swiftdeps"
  },
  "/Users/Celine/swiftCLIUpdateTool/.build/checkouts/Alamofire/Source/Response.swift": {
    "object": "/Users/Celine/swiftCLIUpdateTool/.build/x86_64-apple-macosx/release/Alamofire.build/Response.swift.o",
    "swiftmodule": "/Users/Celine/swiftCLIUpdateTool/.build/x86_64-apple-macosx/release/Alamofire.build/Response~partial.swiftmodule",
    "swift-dependencies": "/Users/Celine/swiftCLIUpdateTool/.build/x86_64-apple-macosx/release/Alamofire.build/Response.swiftdeps"
  },
  "/Users/Celine/swiftCLIUpdateTool/.build/checkouts/Alamofire/Source/ResponseSerialization.swift": {
    "object": "/Users/Celine/swiftCLIUpdateTool/.build/x86_64-apple-macosx/release/Alamofire.build/ResponseSerialization.swift.o",
    "swiftmodule": "/Users/Celine/swiftCLIUpdateTool/.build/x86_64-apple-macosx/release/Alamofire.build/ResponseSerialization~partial.swiftmodule",
    "swift-dependencies": "/Users/Celine/swiftCLIUpdateTool/.build/x86_64-apple-macosx/release/Alamofire.build/ResponseSerialization.swiftdeps"
  },
  "/Users/Celine/swiftCLIUpdateTool/.build/checkouts/Alamofire/Source/Result+Alamofire.swift": {
    "object": "/Users/Celine/swiftCLIUpdateTool/.build/x86_64-apple-macosx/release/Alamofire.build/Result+Alamofire.swift.o",
    "swiftmodule": "/Users/Celine/swiftCLIUpdateTool/.build/x86_64-apple-macosx/release/Alamofire.build/Result+Alamofire~partial.swiftmodule",
    "swift-dependencies": "/Users/Celine/swiftCLIUpdateTool/.build/x86_64-apple-macosx/release/Alamofire.build/Result+Alamofire.swiftdeps"
  },
  "/Users/Celine/swiftCLIUpdateTool/.build/checkouts/Alamofire/Source/RetryPolicy.swift": {
    "object": "/Users/Celine/swiftCLIUpdateTool/.build/x86_64-apple-macosx/release/Alamofire.build/RetryPolicy.swift.o",
    "swiftmodule": "/Users/Celine/swiftCLIUpdateTool/.build/x86_64-apple-macosx/release/Alamofire.build/RetryPolicy~partial.swiftmodule",
    "swift-dependencies": "/Users/Celine/swiftCLIUpdateTool/.build/x86_64-apple-macosx/release/Alamofire.build/RetryPolicy.swiftdeps"
  },
  "/Users/Celine/swiftCLIUpdateTool/.build/checkouts/Alamofire/Source/ServerTrustEvaluation.swift": {
    "object": "/Users/Celine/swiftCLIUpdateTool/.build/x86_64-apple-macosx/release/Alamofire.build/ServerTrustEvaluation.swift.o",
    "swiftmodule": "/Users/Celine/swiftCLIUpdateTool/.build/x86_64-apple-macosx/release/Alamofire.build/ServerTrustEvaluation~partial.swiftmodule",
    "swift-dependencies": "/Users/Celine/swiftCLIUpdateTool/.build/x86_64-apple-macosx/release/Alamofire.build/ServerTrustEvaluation.swiftdeps"
  },
  "/Users/Celine/swiftCLIUpdateTool/.build/checkouts/Alamofire/Source/Session.swift": {
    "object": "/Users/Celine/swiftCLIUpdateTool/.build/x86_64-apple-macosx/release/Alamofire.build/Session.swift.o",
    "swiftmodule": "/Users/Celine/swiftCLIUpdateTool/.build/x86_64-apple-macosx/release/Alamofire.build/Session~partial.swiftmodule",
    "swift-dependencies": "/Users/Celine/swiftCLIUpdateTool/.build/x86_64-apple-macosx/release/Alamofire.build/Session.swiftdeps"
  },
  "/Users/Celine/swiftCLIUpdateTool/.build/checkouts/Alamofire/Source/SessionDelegate.swift": {
    "object": "/Users/Celine/swiftCLIUpdateTool/.build/x86_64-apple-macosx/release/Alamofire.build/SessionDelegate.swift.o",
    "swiftmodule": "/Users/Celine/swiftCLIUpdateTool/.build/x86_64-apple-macosx/release/Alamofire.build/SessionDelegate~partial.swiftmodule",
    "swift-dependencies": "/Users/Celine/swiftCLIUpdateTool/.build/x86_64-apple-macosx/release/Alamofire.build/SessionDelegate.swiftdeps"
  },
  "/Users/Celine/swiftCLIUpdateTool/.build/checkouts/Alamofire/Source/StringEncoding+Alamofire.swift": {
    "object": "/Users/Celine/swiftCLIUpdateTool/.build/x86_64-apple-macosx/release/Alamofire.build/StringEncoding+Alamofire.swift.o",
    "swiftmodule": "/Users/Celine/swiftCLIUpdateTool/.build/x86_64-apple-macosx/release/Alamofire.build/StringEncoding+Alamofire~partial.swiftmodule",
    "swift-dependencies": "/Users/Celine/swiftCLIUpdateTool/.build/x86_64-apple-macosx/release/Alamofire.build/StringEncoding+Alamofire.swiftdeps"
  },
  "/Users/Celine/swiftCLIUpdateTool/.build/checkouts/Alamofire/Source/URLConvertible+URLRequestConvertible.swift": {
    "object": "/Users/Celine/swiftCLIUpdateTool/.build/x86_64-apple-macosx/release/Alamofire.build/URLConvertible+URLRequestConvertible.swift.o",
    "swiftmodule": "/Users/Celine/swiftCLIUpdateTool/.build/x86_64-apple-macosx/release/Alamofire.build/URLConvertible+URLRequestConvertible~partial.swiftmodule",
    "swift-dependencies": "/Users/Celine/swiftCLIUpdateTool/.build/x86_64-apple-macosx/release/Alamofire.build/URLConvertible+URLRequestConvertible.swiftdeps"
  },
  "/Users/Celine/swiftCLIUpdateTool/.build/checkouts/Alamofire/Source/URLEncodedFormEncoder.swift": {
    "object": "/Users/Celine/swiftCLIUpdateTool/.build/x86_64-apple-macosx/release/Alamofire.build/URLEncodedFormEncoder.swift.o",
    "swiftmodule": "/Users/Celine/swiftCLIUpdateTool/.build/x86_64-apple-macosx/release/Alamofire.build/URLEncodedFormEncoder~partial.swiftmodule",
    "swift-dependencies": "/Users/Celine/swiftCLIUpdateTool/.build/x86_64-apple-macosx/release/Alamofire.build/URLEncodedFormEncoder.swiftdeps"
  },
  "/Users/Celine/swiftCLIUpdateTool/.build/checkouts/Alamofire/Source/URLRequest+Alamofire.swift": {
    "object": "/Users/Celine/swiftCLIUpdateTool/.build/x86_64-apple-macosx/release/Alamofire.build/URLRequest+Alamofire.swift.o",
    "swiftmodule": "/Users/Celine/swiftCLIUpdateTool/.build/x86_64-apple-macosx/release/Alamofire.build/URLRequest+Alamofire~partial.swiftmodule",
    "swift-dependencies": "/Users/Celine/swiftCLIUpdateTool/.build/x86_64-apple-macosx/release/Alamofire.build/URLRequest+Alamofire.swiftdeps"
  },
  "/Users/Celine/swiftCLIUpdateTool/.build/checkouts/Alamofire/Source/URLSessionConfiguration+Alamofire.swift": {
    "object": "/Users/Celine/swiftCLIUpdateTool/.build/x86_64-apple-macosx/release/Alamofire.build/URLSessionConfiguration+Alamofire.swift.o",
    "swiftmodule": "/Users/Celine/swiftCLIUpdateTool/.build/x86_64-apple-macosx/release/Alamofire.build/URLSessionConfiguration+Alamofire~partial.swiftmodule",
    "swift-dependencies": "/Users/Celine/swiftCLIUpdateTool/.build/x86_64-apple-macosx/release/Alamofire.build/URLSessionConfiguration+Alamofire.swiftdeps"
  },
  "/Users/Celine/swiftCLIUpdateTool/.build/checkouts/Alamofire/Source/Validation.swift": {
    "object": "/Users/Celine/swiftCLIUpdateTool/.build/x86_64-apple-macosx/release/Alamofire.build/Validation.swift.o",
    "swiftmodule": "/Users/Celine/swiftCLIUpdateTool/.build/x86_64-apple-macosx/release/Alamofire.build/Validation~partial.swiftmodule",
    "swift-dependencies": "/Users/Celine/swiftCLIUpdateTool/.build/x86_64-apple-macosx/release/Alamofire.build/Validation.swiftdeps"
  }
}
