{
  "builtTestProducts" : [
    {
      "binaryPath" : "/Users/Celine/swiftCLIUpdateTool/.build/x86_64-apple-macosx/release/swiftCLIUpdateToolPackageTests.xctest/Contents/MacOS/swiftCLIUpdateToolPackageTests",
      "productName" : "swiftCLIUpdateToolPackageTests"
    }
  ],
  "copyCommands" : {

  },
  "pluginDescriptions" : [
    {
      "package" : "swift-argument-parser",
      "productNames" : [
        "GenerateManual"
      ],
      "sources" : {
        "relativePaths" : [
          "GenerateManualPlugin.swift",
          "GenerateManualPluginError.swift",
          "PackagePlugin+Helpers.swift"
        ],
        "root" : "/Users/Celine/swiftCLIUpdateTool/.build/checkouts/swift-argument-parser/Plugins/GenerateManual"
      },
      "targetName" : "GenerateManual",
      "toolsVersion" : {
        "_version" : "5.6.0"
      }
    }
  ],
  "swiftCommands" : {
    "C.Alamofire-release.module" : {
      "executable" : "/Applications/Xcode.app/Contents/Developer/Toolchains/XcodeDefault.xctoolchain/usr/bin/swiftc",
      "importPath" : "/Users/Celine/swiftCLIUpdateTool/.build/x86_64-apple-macosx/release",
      "inputs" : [
        {
          "kind" : "file",
          "name" : "/Users/Celine/swiftCLIUpdateTool/.build/checkouts/Alamofire/Source/AFError.swift"
        },
        {
          "kind" : "file",
          "name" : "/Users/Celine/swiftCLIUpdateTool/.build/checkouts/Alamofire/Source/Alamofire.swift"
        },
        {
          "kind" : "file",
          "name" : "/Users/Celine/swiftCLIUpdateTool/.build/checkouts/Alamofire/Source/AlamofireExtended.swift"
        },
        {
          "kind" : "file",
          "name" : "/Users/Celine/swiftCLIUpdateTool/.build/checkouts/Alamofire/Source/AuthenticationInterceptor.swift"
        },
        {
          "kind" : "file",
          "name" : "/Users/Celine/swiftCLIUpdateTool/.build/checkouts/Alamofire/Source/CachedResponseHandler.swift"
        },
        {
          "kind" : "file",
          "name" : "/Users/Celine/swiftCLIUpdateTool/.build/checkouts/Alamofire/Source/Combine.swift"
        },
        {
          "kind" : "file",
          "name" : "/Users/Celine/swiftCLIUpdateTool/.build/checkouts/Alamofire/Source/Concurrency.swift"
        },
        {
          "kind" : "file",
          "name" : "/Users/Celine/swiftCLIUpdateTool/.build/checkouts/Alamofire/Source/DispatchQueue+Alamofire.swift"
        },
        {
          "kind" : "file",
          "name" : "/Users/Celine/swiftCLIUpdateTool/.build/checkouts/Alamofire/Source/EventMonitor.swift"
        },
        {
          "kind" : "file",
          "name" : "/Users/Celine/swiftCLIUpdateTool/.build/checkouts/Alamofire/Source/HTTPHeaders.swift"
        },
        {
          "kind" : "file",
          "name" : "/Users/Celine/swiftCLIUpdateTool/.build/checkouts/Alamofire/Source/HTTPMethod.swift"
        },
        {
          "kind" : "file",
          "name" : "/Users/Celine/swiftCLIUpdateTool/.build/checkouts/Alamofire/Source/MultipartFormData.swift"
        },
        {
          "kind" : "file",
          "name" : "/Users/Celine/swiftCLIUpdateTool/.build/checkouts/Alamofire/Source/MultipartUpload.swift"
        },
        {
          "kind" : "file",
          "name" : "/Users/Celine/swiftCLIUpdateTool/.build/checkouts/Alamofire/Source/NetworkReachabilityManager.swift"
        },
        {
          "kind" : "file",
          "name" : "/Users/Celine/swiftCLIUpdateTool/.build/checkouts/Alamofire/Source/Notifications.swift"
        },
        {
          "kind" : "file",
          "name" : "/Users/Celine/swiftCLIUpdateTool/.build/checkouts/Alamofire/Source/OperationQueue+Alamofire.swift"
        },
        {
          "kind" : "file",
          "name" : "/Users/Celine/swiftCLIUpdateTool/.build/checkouts/Alamofire/Source/ParameterEncoder.swift"
        },
        {
          "kind" : "file",
          "name" : "/Users/Celine/swiftCLIUpdateTool/.build/checkouts/Alamofire/Source/ParameterEncoding.swift"
        },
        {
          "kind" : "file",
          "name" : "/Users/Celine/swiftCLIUpdateTool/.build/checkouts/Alamofire/Source/Protected.swift"
        },
        {
          "kind" : "file",
          "name" : "/Users/Celine/swiftCLIUpdateTool/.build/checkouts/Alamofire/Source/RedirectHandler.swift"
        },
        {
          "kind" : "file",
          "name" : "/Users/Celine/swiftCLIUpdateTool/.build/checkouts/Alamofire/Source/Request.swift"
        },
        {
          "kind" : "file",
          "name" : "/Users/Celine/swiftCLIUpdateTool/.build/checkouts/Alamofire/Source/RequestInterceptor.swift"
        },
        {
          "kind" : "file",
          "name" : "/Users/Celine/swiftCLIUpdateTool/.build/checkouts/Alamofire/Source/RequestTaskMap.swift"
        },
        {
          "kind" : "file",
          "name" : "/Users/Celine/swiftCLIUpdateTool/.build/checkouts/Alamofire/Source/Response.swift"
        },
        {
          "kind" : "file",
          "name" : "/Users/Celine/swiftCLIUpdateTool/.build/checkouts/Alamofire/Source/ResponseSerialization.swift"
        },
        {
          "kind" : "file",
          "name" : "/Users/Celine/swiftCLIUpdateTool/.build/checkouts/Alamofire/Source/Result+Alamofire.swift"
        },
        {
          "kind" : "file",
          "name" : "/Users/Celine/swiftCLIUpdateTool/.build/checkouts/Alamofire/Source/RetryPolicy.swift"
        },
        {
          "kind" : "file",
          "name" : "/Users/Celine/swiftCLIUpdateTool/.build/checkouts/Alamofire/Source/ServerTrustEvaluation.swift"
        },
        {
          "kind" : "file",
          "name" : "/Users/Celine/swiftCLIUpdateTool/.build/checkouts/Alamofire/Source/Session.swift"
        },
        {
          "kind" : "file",
          "name" : "/Users/Celine/swiftCLIUpdateTool/.build/checkouts/Alamofire/Source/SessionDelegate.swift"
        },
        {
          "kind" : "file",
          "name" : "/Users/Celine/swiftCLIUpdateTool/.build/checkouts/Alamofire/Source/StringEncoding+Alamofire.swift"
        },
        {
          "kind" : "file",
          "name" : "/Users/Celine/swiftCLIUpdateTool/.build/checkouts/Alamofire/Source/URLConvertible+URLRequestConvertible.swift"
        },
        {
          "kind" : "file",
          "name" : "/Users/Celine/swiftCLIUpdateTool/.build/checkouts/Alamofire/Source/URLEncodedFormEncoder.swift"
        },
        {
          "kind" : "file",
          "name" : "/Users/Celine/swiftCLIUpdateTool/.build/checkouts/Alamofire/Source/URLRequest+Alamofire.swift"
        },
        {
          "kind" : "file",
          "name" : "/Users/Celine/swiftCLIUpdateTool/.build/checkouts/Alamofire/Source/URLSessionConfiguration+Alamofire.swift"
        },
        {
          "kind" : "file",
          "name" : "/Users/Celine/swiftCLIUpdateTool/.build/checkouts/Alamofire/Source/Validation.swift"
        }
      ],
      "isLibrary" : true,
      "moduleName" : "Alamofire",
      "moduleOutputPath" : "/Users/Celine/swiftCLIUpdateTool/.build/x86_64-apple-macosx/release/Alamofire.swiftmodule",
      "objects" : [
        "/Users/Celine/swiftCLIUpdateTool/.build/x86_64-apple-macosx/release/Alamofire.build/AFError.swift.o",
        "/Users/Celine/swiftCLIUpdateTool/.build/x86_64-apple-macosx/release/Alamofire.build/Alamofire.swift.o",
        "/Users/Celine/swiftCLIUpdateTool/.build/x86_64-apple-macosx/release/Alamofire.build/AlamofireExtended.swift.o",
        "/Users/Celine/swiftCLIUpdateTool/.build/x86_64-apple-macosx/release/Alamofire.build/AuthenticationInterceptor.swift.o",
        "/Users/Celine/swiftCLIUpdateTool/.build/x86_64-apple-macosx/release/Alamofire.build/CachedResponseHandler.swift.o",
        "/Users/Celine/swiftCLIUpdateTool/.build/x86_64-apple-macosx/release/Alamofire.build/Combine.swift.o",
        "/Users/Celine/swiftCLIUpdateTool/.build/x86_64-apple-macosx/release/Alamofire.build/Concurrency.swift.o",
        "/Users/Celine/swiftCLIUpdateTool/.build/x86_64-apple-macosx/release/Alamofire.build/DispatchQueue+Alamofire.swift.o",
        "/Users/Celine/swiftCLIUpdateTool/.build/x86_64-apple-macosx/release/Alamofire.build/EventMonitor.swift.o",
        "/Users/Celine/swiftCLIUpdateTool/.build/x86_64-apple-macosx/release/Alamofire.build/HTTPHeaders.swift.o",
        "/Users/Celine/swiftCLIUpdateTool/.build/x86_64-apple-macosx/release/Alamofire.build/HTTPMethod.swift.o",
        "/Users/Celine/swiftCLIUpdateTool/.build/x86_64-apple-macosx/release/Alamofire.build/MultipartFormData.swift.o",
        "/Users/Celine/swiftCLIUpdateTool/.build/x86_64-apple-macosx/release/Alamofire.build/MultipartUpload.swift.o",
        "/Users/Celine/swiftCLIUpdateTool/.build/x86_64-apple-macosx/release/Alamofire.build/NetworkReachabilityManager.swift.o",
        "/Users/Celine/swiftCLIUpdateTool/.build/x86_64-apple-macosx/release/Alamofire.build/Notifications.swift.o",
        "/Users/Celine/swiftCLIUpdateTool/.build/x86_64-apple-macosx/release/Alamofire.build/OperationQueue+Alamofire.swift.o",
        "/Users/Celine/swiftCLIUpdateTool/.build/x86_64-apple-macosx/release/Alamofire.build/ParameterEncoder.swift.o",
        "/Users/Celine/swiftCLIUpdateTool/.build/x86_64-apple-macosx/release/Alamofire.build/ParameterEncoding.swift.o",
        "/Users/Celine/swiftCLIUpdateTool/.build/x86_64-apple-macosx/release/Alamofire.build/Protected.swift.o",
        "/Users/Celine/swiftCLIUpdateTool/.build/x86_64-apple-macosx/release/Alamofire.build/RedirectHandler.swift.o",
        "/Users/Celine/swiftCLIUpdateTool/.build/x86_64-apple-macosx/release/Alamofire.build/Request.swift.o",
        "/Users/Celine/swiftCLIUpdateTool/.build/x86_64-apple-macosx/release/Alamofire.build/RequestInterceptor.swift.o",
        "/Users/Celine/swiftCLIUpdateTool/.build/x86_64-apple-macosx/release/Alamofire.build/RequestTaskMap.swift.o",
        "/Users/Celine/swiftCLIUpdateTool/.build/x86_64-apple-macosx/release/Alamofire.build/Response.swift.o",
        "/Users/Celine/swiftCLIUpdateTool/.build/x86_64-apple-macosx/release/Alamofire.build/ResponseSerialization.swift.o",
        "/Users/Celine/swiftCLIUpdateTool/.build/x86_64-apple-macosx/release/Alamofire.build/Result+Alamofire.swift.o",
        "/Users/Celine/swiftCLIUpdateTool/.build/x86_64-apple-macosx/release/Alamofire.build/RetryPolicy.swift.o",
        "/Users/Celine/swiftCLIUpdateTool/.build/x86_64-apple-macosx/release/Alamofire.build/ServerTrustEvaluation.swift.o",
        "/Users/Celine/swiftCLIUpdateTool/.build/x86_64-apple-macosx/release/Alamofire.build/Session.swift.o",
        "/Users/Celine/swiftCLIUpdateTool/.build/x86_64-apple-macosx/release/Alamofire.build/SessionDelegate.swift.o",
        "/Users/Celine/swiftCLIUpdateTool/.build/x86_64-apple-macosx/release/Alamofire.build/StringEncoding+Alamofire.swift.o",
        "/Users/Celine/swiftCLIUpdateTool/.build/x86_64-apple-macosx/release/Alamofire.build/URLConvertible+URLRequestConvertible.swift.o",
        "/Users/Celine/swiftCLIUpdateTool/.build/x86_64-apple-macosx/release/Alamofire.build/URLEncodedFormEncoder.swift.o",
        "/Users/Celine/swiftCLIUpdateTool/.build/x86_64-apple-macosx/release/Alamofire.build/URLRequest+Alamofire.swift.o",
        "/Users/Celine/swiftCLIUpdateTool/.build/x86_64-apple-macosx/release/Alamofire.build/URLSessionConfiguration+Alamofire.swift.o",
        "/Users/Celine/swiftCLIUpdateTool/.build/x86_64-apple-macosx/release/Alamofire.build/Validation.swift.o"
      ],
      "otherArguments" : [
        "-target",
        "x86_64-apple-macosx10.13",
        "-swift-version",
        "5",
        "-O",
        "-g",
        "-j12",
        "-DSWIFT_PACKAGE",
        "-module-cache-path",
        "/Users/Celine/swiftCLIUpdateTool/.build/x86_64-apple-macosx/release/ModuleCache",
        "-parseable-output",
        "-parse-as-library",
        "-emit-objc-header",
        "-emit-objc-header-path",
        "/Users/Celine/swiftCLIUpdateTool/.build/x86_64-apple-macosx/release/Alamofire.build/Alamofire-Swift.h",
        "-color-diagnostics",
        "-sdk",
        "/Applications/Xcode.app/Contents/Developer/Platforms/MacOSX.platform/Developer/SDKs/MacOSX13.0.sdk",
        "-F",
        "/Applications/Xcode.app/Contents/Developer/Platforms/MacOSX.platform/Developer/Library/Frameworks",
        "-I",
        "/Applications/Xcode.app/Contents/Developer/Platforms/MacOSX.platform/Developer/usr/lib",
        "-L",
        "/Applications/Xcode.app/Contents/Developer/Platforms/MacOSX.platform/Developer/usr/lib",
        "-suppress-warnings"
      ],
      "outputs" : [
        {
          "kind" : "file",
          "name" : "/Users/Celine/swiftCLIUpdateTool/.build/x86_64-apple-macosx/release/Alamofire.build/AFError.swift.o"
        },
        {
          "kind" : "file",
          "name" : "/Users/Celine/swiftCLIUpdateTool/.build/x86_64-apple-macosx/release/Alamofire.build/Alamofire.swift.o"
        },
        {
          "kind" : "file",
          "name" : "/Users/Celine/swiftCLIUpdateTool/.build/x86_64-apple-macosx/release/Alamofire.build/AlamofireExtended.swift.o"
        },
        {
          "kind" : "file",
          "name" : "/Users/Celine/swiftCLIUpdateTool/.build/x86_64-apple-macosx/release/Alamofire.build/AuthenticationInterceptor.swift.o"
        },
        {
          "kind" : "file",
          "name" : "/Users/Celine/swiftCLIUpdateTool/.build/x86_64-apple-macosx/release/Alamofire.build/CachedResponseHandler.swift.o"
        },
        {
          "kind" : "file",
          "name" : "/Users/Celine/swiftCLIUpdateTool/.build/x86_64-apple-macosx/release/Alamofire.build/Combine.swift.o"
        },
        {
          "kind" : "file",
          "name" : "/Users/Celine/swiftCLIUpdateTool/.build/x86_64-apple-macosx/release/Alamofire.build/Concurrency.swift.o"
        },
        {
          "kind" : "file",
          "name" : "/Users/Celine/swiftCLIUpdateTool/.build/x86_64-apple-macosx/release/Alamofire.build/DispatchQueue+Alamofire.swift.o"
        },
        {
          "kind" : "file",
          "name" : "/Users/Celine/swiftCLIUpdateTool/.build/x86_64-apple-macosx/release/Alamofire.build/EventMonitor.swift.o"
        },
        {
          "kind" : "file",
          "name" : "/Users/Celine/swiftCLIUpdateTool/.build/x86_64-apple-macosx/release/Alamofire.build/HTTPHeaders.swift.o"
        },
        {
          "kind" : "file",
          "name" : "/Users/Celine/swiftCLIUpdateTool/.build/x86_64-apple-macosx/release/Alamofire.build/HTTPMethod.swift.o"
        },
        {
          "kind" : "file",
          "name" : "/Users/Celine/swiftCLIUpdateTool/.build/x86_64-apple-macosx/release/Alamofire.build/MultipartFormData.swift.o"
        },
        {
          "kind" : "file",
          "name" : "/Users/Celine/swiftCLIUpdateTool/.build/x86_64-apple-macosx/release/Alamofire.build/MultipartUpload.swift.o"
        },
        {
          "kind" : "file",
          "name" : "/Users/Celine/swiftCLIUpdateTool/.build/x86_64-apple-macosx/release/Alamofire.build/NetworkReachabilityManager.swift.o"
        },
        {
          "kind" : "file",
          "name" : "/Users/Celine/swiftCLIUpdateTool/.build/x86_64-apple-macosx/release/Alamofire.build/Notifications.swift.o"
        },
        {
          "kind" : "file",
          "name" : "/Users/Celine/swiftCLIUpdateTool/.build/x86_64-apple-macosx/release/Alamofire.build/OperationQueue+Alamofire.swift.o"
        },
        {
          "kind" : "file",
          "name" : "/Users/Celine/swiftCLIUpdateTool/.build/x86_64-apple-macosx/release/Alamofire.build/ParameterEncoder.swift.o"
        },
        {
          "kind" : "file",
          "name" : "/Users/Celine/swiftCLIUpdateTool/.build/x86_64-apple-macosx/release/Alamofire.build/ParameterEncoding.swift.o"
        },
        {
          "kind" : "file",
          "name" : "/Users/Celine/swiftCLIUpdateTool/.build/x86_64-apple-macosx/release/Alamofire.build/Protected.swift.o"
        },
        {
          "kind" : "file",
          "name" : "/Users/Celine/swiftCLIUpdateTool/.build/x86_64-apple-macosx/release/Alamofire.build/RedirectHandler.swift.o"
        },
        {
          "kind" : "file",
          "name" : "/Users/Celine/swiftCLIUpdateTool/.build/x86_64-apple-macosx/release/Alamofire.build/Request.swift.o"
        },
        {
          "kind" : "file",
          "name" : "/Users/Celine/swiftCLIUpdateTool/.build/x86_64-apple-macosx/release/Alamofire.build/RequestInterceptor.swift.o"
        },
        {
          "kind" : "file",
          "name" : "/Users/Celine/swiftCLIUpdateTool/.build/x86_64-apple-macosx/release/Alamofire.build/RequestTaskMap.swift.o"
        },
        {
          "kind" : "file",
          "name" : "/Users/Celine/swiftCLIUpdateTool/.build/x86_64-apple-macosx/release/Alamofire.build/Response.swift.o"
        },
        {
          "kind" : "file",
          "name" : "/Users/Celine/swiftCLIUpdateTool/.build/x86_64-apple-macosx/release/Alamofire.build/ResponseSerialization.swift.o"
        },
        {
          "kind" : "file",
          "name" : "/Users/Celine/swiftCLIUpdateTool/.build/x86_64-apple-macosx/release/Alamofire.build/Result+Alamofire.swift.o"
        },
        {
          "kind" : "file",
          "name" : "/Users/Celine/swiftCLIUpdateTool/.build/x86_64-apple-macosx/release/Alamofire.build/RetryPolicy.swift.o"
        },
        {
          "kind" : "file",
          "name" : "/Users/Celine/swiftCLIUpdateTool/.build/x86_64-apple-macosx/release/Alamofire.build/ServerTrustEvaluation.swift.o"
        },
        {
          "kind" : "file",
          "name" : "/Users/Celine/swiftCLIUpdateTool/.build/x86_64-apple-macosx/release/Alamofire.build/Session.swift.o"
        },
        {
          "kind" : "file",
          "name" : "/Users/Celine/swiftCLIUpdateTool/.build/x86_64-apple-macosx/release/Alamofire.build/SessionDelegate.swift.o"
        },
        {
          "kind" : "file",
          "name" : "/Users/Celine/swiftCLIUpdateTool/.build/x86_64-apple-macosx/release/Alamofire.build/StringEncoding+Alamofire.swift.o"
        },
        {
          "kind" : "file",
          "name" : "/Users/Celine/swiftCLIUpdateTool/.build/x86_64-apple-macosx/release/Alamofire.build/URLConvertible+URLRequestConvertible.swift.o"
        },
        {
          "kind" : "file",
          "name" : "/Users/Celine/swiftCLIUpdateTool/.build/x86_64-apple-macosx/release/Alamofire.build/URLEncodedFormEncoder.swift.o"
        },
        {
          "kind" : "file",
          "name" : "/Users/Celine/swiftCLIUpdateTool/.build/x86_64-apple-macosx/release/Alamofire.build/URLRequest+Alamofire.swift.o"
        },
        {
          "kind" : "file",
          "name" : "/Users/Celine/swiftCLIUpdateTool/.build/x86_64-apple-macosx/release/Alamofire.build/URLSessionConfiguration+Alamofire.swift.o"
        },
        {
          "kind" : "file",
          "name" : "/Users/Celine/swiftCLIUpdateTool/.build/x86_64-apple-macosx/release/Alamofire.build/Validation.swift.o"
        },
        {
          "kind" : "file",
          "name" : "/Users/Celine/swiftCLIUpdateTool/.build/x86_64-apple-macosx/release/Alamofire.swiftmodule"
        }
      ],
      "sources" : [
        "/Users/Celine/swiftCLIUpdateTool/.build/checkouts/Alamofire/Source/AFError.swift",
        "/Users/Celine/swiftCLIUpdateTool/.build/checkouts/Alamofire/Source/Alamofire.swift",
        "/Users/Celine/swiftCLIUpdateTool/.build/checkouts/Alamofire/Source/AlamofireExtended.swift",
        "/Users/Celine/swiftCLIUpdateTool/.build/checkouts/Alamofire/Source/AuthenticationInterceptor.swift",
        "/Users/Celine/swiftCLIUpdateTool/.build/checkouts/Alamofire/Source/CachedResponseHandler.swift",
        "/Users/Celine/swiftCLIUpdateTool/.build/checkouts/Alamofire/Source/Combine.swift",
        "/Users/Celine/swiftCLIUpdateTool/.build/checkouts/Alamofire/Source/Concurrency.swift",
        "/Users/Celine/swiftCLIUpdateTool/.build/checkouts/Alamofire/Source/DispatchQueue+Alamofire.swift",
        "/Users/Celine/swiftCLIUpdateTool/.build/checkouts/Alamofire/Source/EventMonitor.swift",
        "/Users/Celine/swiftCLIUpdateTool/.build/checkouts/Alamofire/Source/HTTPHeaders.swift",
        "/Users/Celine/swiftCLIUpdateTool/.build/checkouts/Alamofire/Source/HTTPMethod.swift",
        "/Users/Celine/swiftCLIUpdateTool/.build/checkouts/Alamofire/Source/MultipartFormData.swift",
        "/Users/Celine/swiftCLIUpdateTool/.build/checkouts/Alamofire/Source/MultipartUpload.swift",
        "/Users/Celine/swiftCLIUpdateTool/.build/checkouts/Alamofire/Source/NetworkReachabilityManager.swift",
        "/Users/Celine/swiftCLIUpdateTool/.build/checkouts/Alamofire/Source/Notifications.swift",
        "/Users/Celine/swiftCLIUpdateTool/.build/checkouts/Alamofire/Source/OperationQueue+Alamofire.swift",
        "/Users/Celine/swiftCLIUpdateTool/.build/checkouts/Alamofire/Source/ParameterEncoder.swift",
        "/Users/Celine/swiftCLIUpdateTool/.build/checkouts/Alamofire/Source/ParameterEncoding.swift",
        "/Users/Celine/swiftCLIUpdateTool/.build/checkouts/Alamofire/Source/Protected.swift",
        "/Users/Celine/swiftCLIUpdateTool/.build/checkouts/Alamofire/Source/RedirectHandler.swift",
        "/Users/Celine/swiftCLIUpdateTool/.build/checkouts/Alamofire/Source/Request.swift",
        "/Users/Celine/swiftCLIUpdateTool/.build/checkouts/Alamofire/Source/RequestInterceptor.swift",
        "/Users/Celine/swiftCLIUpdateTool/.build/checkouts/Alamofire/Source/RequestTaskMap.swift",
        "/Users/Celine/swiftCLIUpdateTool/.build/checkouts/Alamofire/Source/Response.swift",
        "/Users/Celine/swiftCLIUpdateTool/.build/checkouts/Alamofire/Source/ResponseSerialization.swift",
        "/Users/Celine/swiftCLIUpdateTool/.build/checkouts/Alamofire/Source/Result+Alamofire.swift",
        "/Users/Celine/swiftCLIUpdateTool/.build/checkouts/Alamofire/Source/RetryPolicy.swift",
        "/Users/Celine/swiftCLIUpdateTool/.build/checkouts/Alamofire/Source/ServerTrustEvaluation.swift",
        "/Users/Celine/swiftCLIUpdateTool/.build/checkouts/Alamofire/Source/Session.swift",
        "/Users/Celine/swiftCLIUpdateTool/.build/checkouts/Alamofire/Source/SessionDelegate.swift",
        "/Users/Celine/swiftCLIUpdateTool/.build/checkouts/Alamofire/Source/StringEncoding+Alamofire.swift",
        "/Users/Celine/swiftCLIUpdateTool/.build/checkouts/Alamofire/Source/URLConvertible+URLRequestConvertible.swift",
        "/Users/Celine/swiftCLIUpdateTool/.build/checkouts/Alamofire/Source/URLEncodedFormEncoder.swift",
        "/Users/Celine/swiftCLIUpdateTool/.build/checkouts/Alamofire/Source/URLRequest+Alamofire.swift",
        "/Users/Celine/swiftCLIUpdateTool/.build/checkouts/Alamofire/Source/URLSessionConfiguration+Alamofire.swift",
        "/Users/Celine/swiftCLIUpdateTool/.build/checkouts/Alamofire/Source/Validation.swift"
      ],
      "tempsPath" : "/Users/Celine/swiftCLIUpdateTool/.build/x86_64-apple-macosx/release/Alamofire.build",
      "wholeModuleOptimization" : true
    },
    "C.ArgumentParser-release.module" : {
      "executable" : "/Applications/Xcode.app/Contents/Developer/Toolchains/XcodeDefault.xctoolchain/usr/bin/swiftc",
      "importPath" : "/Users/Celine/swiftCLIUpdateTool/.build/x86_64-apple-macosx/release",
      "inputs" : [
        {
          "kind" : "file",
          "name" : "/Users/Celine/swiftCLIUpdateTool/.build/checkouts/swift-argument-parser/Sources/ArgumentParser/Completions/BashCompletionsGenerator.swift"
        },
        {
          "kind" : "file",
          "name" : "/Users/Celine/swiftCLIUpdateTool/.build/checkouts/swift-argument-parser/Sources/ArgumentParser/Completions/CompletionsGenerator.swift"
        },
        {
          "kind" : "file",
          "name" : "/Users/Celine/swiftCLIUpdateTool/.build/checkouts/swift-argument-parser/Sources/ArgumentParser/Completions/FishCompletionsGenerator.swift"
        },
        {
          "kind" : "file",
          "name" : "/Users/Celine/swiftCLIUpdateTool/.build/checkouts/swift-argument-parser/Sources/ArgumentParser/Completions/ZshCompletionsGenerator.swift"
        },
        {
          "kind" : "file",
          "name" : "/Users/Celine/swiftCLIUpdateTool/.build/checkouts/swift-argument-parser/Sources/ArgumentParser/Parsable Properties/Argument.swift"
        },
        {
          "kind" : "file",
          "name" : "/Users/Celine/swiftCLIUpdateTool/.build/checkouts/swift-argument-parser/Sources/ArgumentParser/Parsable Properties/ArgumentHelp.swift"
        },
        {
          "kind" : "file",
          "name" : "/Users/Celine/swiftCLIUpdateTool/.build/checkouts/swift-argument-parser/Sources/ArgumentParser/Parsable Properties/ArgumentVisibility.swift"
        },
        {
          "kind" : "file",
          "name" : "/Users/Celine/swiftCLIUpdateTool/.build/checkouts/swift-argument-parser/Sources/ArgumentParser/Parsable Properties/CompletionKind.swift"
        },
        {
          "kind" : "file",
          "name" : "/Users/Celine/swiftCLIUpdateTool/.build/checkouts/swift-argument-parser/Sources/ArgumentParser/Parsable Properties/Errors.swift"
        },
        {
          "kind" : "file",
          "name" : "/Users/Celine/swiftCLIUpdateTool/.build/checkouts/swift-argument-parser/Sources/ArgumentParser/Parsable Properties/Flag.swift"
        },
        {
          "kind" : "file",
          "name" : "/Users/Celine/swiftCLIUpdateTool/.build/checkouts/swift-argument-parser/Sources/ArgumentParser/Parsable Properties/NameSpecification.swift"
        },
        {
          "kind" : "file",
          "name" : "/Users/Celine/swiftCLIUpdateTool/.build/checkouts/swift-argument-parser/Sources/ArgumentParser/Parsable Properties/Option.swift"
        },
        {
          "kind" : "file",
          "name" : "/Users/Celine/swiftCLIUpdateTool/.build/checkouts/swift-argument-parser/Sources/ArgumentParser/Parsable Properties/OptionGroup.swift"
        },
        {
          "kind" : "file",
          "name" : "/Users/Celine/swiftCLIUpdateTool/.build/checkouts/swift-argument-parser/Sources/ArgumentParser/Parsable Types/AsyncParsableCommand.swift"
        },
        {
          "kind" : "file",
          "name" : "/Users/Celine/swiftCLIUpdateTool/.build/checkouts/swift-argument-parser/Sources/ArgumentParser/Parsable Types/CommandConfiguration.swift"
        },
        {
          "kind" : "file",
          "name" : "/Users/Celine/swiftCLIUpdateTool/.build/checkouts/swift-argument-parser/Sources/ArgumentParser/Parsable Types/EnumerableFlag.swift"
        },
        {
          "kind" : "file",
          "name" : "/Users/Celine/swiftCLIUpdateTool/.build/checkouts/swift-argument-parser/Sources/ArgumentParser/Parsable Types/ExpressibleByArgument.swift"
        },
        {
          "kind" : "file",
          "name" : "/Users/Celine/swiftCLIUpdateTool/.build/checkouts/swift-argument-parser/Sources/ArgumentParser/Parsable Types/ParsableArguments.swift"
        },
        {
          "kind" : "file",
          "name" : "/Users/Celine/swiftCLIUpdateTool/.build/checkouts/swift-argument-parser/Sources/ArgumentParser/Parsable Types/ParsableArgumentsValidation.swift"
        },
        {
          "kind" : "file",
          "name" : "/Users/Celine/swiftCLIUpdateTool/.build/checkouts/swift-argument-parser/Sources/ArgumentParser/Parsable Types/ParsableCommand.swift"
        },
        {
          "kind" : "file",
          "name" : "/Users/Celine/swiftCLIUpdateTool/.build/checkouts/swift-argument-parser/Sources/ArgumentParser/Parsing/ArgumentDecoder.swift"
        },
        {
          "kind" : "file",
          "name" : "/Users/Celine/swiftCLIUpdateTool/.build/checkouts/swift-argument-parser/Sources/ArgumentParser/Parsing/ArgumentDefinition.swift"
        },
        {
          "kind" : "file",
          "name" : "/Users/Celine/swiftCLIUpdateTool/.build/checkouts/swift-argument-parser/Sources/ArgumentParser/Parsing/ArgumentSet.swift"
        },
        {
          "kind" : "file",
          "name" : "/Users/Celine/swiftCLIUpdateTool/.build/checkouts/swift-argument-parser/Sources/ArgumentParser/Parsing/CommandParser.swift"
        },
        {
          "kind" : "file",
          "name" : "/Users/Celine/swiftCLIUpdateTool/.build/checkouts/swift-argument-parser/Sources/ArgumentParser/Parsing/InputKey.swift"
        },
        {
          "kind" : "file",
          "name" : "/Users/Celine/swiftCLIUpdateTool/.build/checkouts/swift-argument-parser/Sources/ArgumentParser/Parsing/InputOrigin.swift"
        },
        {
          "kind" : "file",
          "name" : "/Users/Celine/swiftCLIUpdateTool/.build/checkouts/swift-argument-parser/Sources/ArgumentParser/Parsing/Name.swift"
        },
        {
          "kind" : "file",
          "name" : "/Users/Celine/swiftCLIUpdateTool/.build/checkouts/swift-argument-parser/Sources/ArgumentParser/Parsing/Parsed.swift"
        },
        {
          "kind" : "file",
          "name" : "/Users/Celine/swiftCLIUpdateTool/.build/checkouts/swift-argument-parser/Sources/ArgumentParser/Parsing/ParsedValues.swift"
        },
        {
          "kind" : "file",
          "name" : "/Users/Celine/swiftCLIUpdateTool/.build/checkouts/swift-argument-parser/Sources/ArgumentParser/Parsing/ParserError.swift"
        },
        {
          "kind" : "file",
          "name" : "/Users/Celine/swiftCLIUpdateTool/.build/checkouts/swift-argument-parser/Sources/ArgumentParser/Parsing/SplitArguments.swift"
        },
        {
          "kind" : "file",
          "name" : "/Users/Celine/swiftCLIUpdateTool/.build/checkouts/swift-argument-parser/Sources/ArgumentParser/Usage/DumpHelpGenerator.swift"
        },
        {
          "kind" : "file",
          "name" : "/Users/Celine/swiftCLIUpdateTool/.build/checkouts/swift-argument-parser/Sources/ArgumentParser/Usage/HelpCommand.swift"
        },
        {
          "kind" : "file",
          "name" : "/Users/Celine/swiftCLIUpdateTool/.build/checkouts/swift-argument-parser/Sources/ArgumentParser/Usage/HelpGenerator.swift"
        },
        {
          "kind" : "file",
          "name" : "/Users/Celine/swiftCLIUpdateTool/.build/checkouts/swift-argument-parser/Sources/ArgumentParser/Usage/MessageInfo.swift"
        },
        {
          "kind" : "file",
          "name" : "/Users/Celine/swiftCLIUpdateTool/.build/checkouts/swift-argument-parser/Sources/ArgumentParser/Usage/UsageGenerator.swift"
        },
        {
          "kind" : "file",
          "name" : "/Users/Celine/swiftCLIUpdateTool/.build/checkouts/swift-argument-parser/Sources/ArgumentParser/Utilities/CollectionExtensions.swift"
        },
        {
          "kind" : "file",
          "name" : "/Users/Celine/swiftCLIUpdateTool/.build/checkouts/swift-argument-parser/Sources/ArgumentParser/Utilities/Platform.swift"
        },
        {
          "kind" : "file",
          "name" : "/Users/Celine/swiftCLIUpdateTool/.build/checkouts/swift-argument-parser/Sources/ArgumentParser/Utilities/SequenceExtensions.swift"
        },
        {
          "kind" : "file",
          "name" : "/Users/Celine/swiftCLIUpdateTool/.build/checkouts/swift-argument-parser/Sources/ArgumentParser/Utilities/StringExtensions.swift"
        },
        {
          "kind" : "file",
          "name" : "/Users/Celine/swiftCLIUpdateTool/.build/checkouts/swift-argument-parser/Sources/ArgumentParser/Utilities/Tree.swift"
        },
        {
          "kind" : "file",
          "name" : "/Users/Celine/swiftCLIUpdateTool/.build/x86_64-apple-macosx/release/ArgumentParserToolInfo.swiftmodule"
        }
      ],
      "isLibrary" : true,
      "moduleName" : "ArgumentParser",
      "moduleOutputPath" : "/Users/Celine/swiftCLIUpdateTool/.build/x86_64-apple-macosx/release/ArgumentParser.swiftmodule",
      "objects" : [
        "/Users/Celine/swiftCLIUpdateTool/.build/x86_64-apple-macosx/release/ArgumentParser.build/Completions/BashCompletionsGenerator.swift.o",
        "/Users/Celine/swiftCLIUpdateTool/.build/x86_64-apple-macosx/release/ArgumentParser.build/Completions/CompletionsGenerator.swift.o",
        "/Users/Celine/swiftCLIUpdateTool/.build/x86_64-apple-macosx/release/ArgumentParser.build/Completions/FishCompletionsGenerator.swift.o",
        "/Users/Celine/swiftCLIUpdateTool/.build/x86_64-apple-macosx/release/ArgumentParser.build/Completions/ZshCompletionsGenerator.swift.o",
        "/Users/Celine/swiftCLIUpdateTool/.build/x86_64-apple-macosx/release/ArgumentParser.build/Parsable Properties/Argument.swift.o",
        "/Users/Celine/swiftCLIUpdateTool/.build/x86_64-apple-macosx/release/ArgumentParser.build/Parsable Properties/ArgumentHelp.swift.o",
        "/Users/Celine/swiftCLIUpdateTool/.build/x86_64-apple-macosx/release/ArgumentParser.build/Parsable Properties/ArgumentVisibility.swift.o",
        "/Users/Celine/swiftCLIUpdateTool/.build/x86_64-apple-macosx/release/ArgumentParser.build/Parsable Properties/CompletionKind.swift.o",
        "/Users/Celine/swiftCLIUpdateTool/.build/x86_64-apple-macosx/release/ArgumentParser.build/Parsable Properties/Errors.swift.o",
        "/Users/Celine/swiftCLIUpdateTool/.build/x86_64-apple-macosx/release/ArgumentParser.build/Parsable Properties/Flag.swift.o",
        "/Users/Celine/swiftCLIUpdateTool/.build/x86_64-apple-macosx/release/ArgumentParser.build/Parsable Properties/NameSpecification.swift.o",
        "/Users/Celine/swiftCLIUpdateTool/.build/x86_64-apple-macosx/release/ArgumentParser.build/Parsable Properties/Option.swift.o",
        "/Users/Celine/swiftCLIUpdateTool/.build/x86_64-apple-macosx/release/ArgumentParser.build/Parsable Properties/OptionGroup.swift.o",
        "/Users/Celine/swiftCLIUpdateTool/.build/x86_64-apple-macosx/release/ArgumentParser.build/Parsable Types/AsyncParsableCommand.swift.o",
        "/Users/Celine/swiftCLIUpdateTool/.build/x86_64-apple-macosx/release/ArgumentParser.build/Parsable Types/CommandConfiguration.swift.o",
        "/Users/Celine/swiftCLIUpdateTool/.build/x86_64-apple-macosx/release/ArgumentParser.build/Parsable Types/EnumerableFlag.swift.o",
        "/Users/Celine/swiftCLIUpdateTool/.build/x86_64-apple-macosx/release/ArgumentParser.build/Parsable Types/ExpressibleByArgument.swift.o",
        "/Users/Celine/swiftCLIUpdateTool/.build/x86_64-apple-macosx/release/ArgumentParser.build/Parsable Types/ParsableArguments.swift.o",
        "/Users/Celine/swiftCLIUpdateTool/.build/x86_64-apple-macosx/release/ArgumentParser.build/Parsable Types/ParsableArgumentsValidation.swift.o",
        "/Users/Celine/swiftCLIUpdateTool/.build/x86_64-apple-macosx/release/ArgumentParser.build/Parsable Types/ParsableCommand.swift.o",
        "/Users/Celine/swiftCLIUpdateTool/.build/x86_64-apple-macosx/release/ArgumentParser.build/Parsing/ArgumentDecoder.swift.o",
        "/Users/Celine/swiftCLIUpdateTool/.build/x86_64-apple-macosx/release/ArgumentParser.build/Parsing/ArgumentDefinition.swift.o",
        "/Users/Celine/swiftCLIUpdateTool/.build/x86_64-apple-macosx/release/ArgumentParser.build/Parsing/ArgumentSet.swift.o",
        "/Users/Celine/swiftCLIUpdateTool/.build/x86_64-apple-macosx/release/ArgumentParser.build/Parsing/CommandParser.swift.o",
        "/Users/Celine/swiftCLIUpdateTool/.build/x86_64-apple-macosx/release/ArgumentParser.build/Parsing/InputKey.swift.o",
        "/Users/Celine/swiftCLIUpdateTool/.build/x86_64-apple-macosx/release/ArgumentParser.build/Parsing/InputOrigin.swift.o",
        "/Users/Celine/swiftCLIUpdateTool/.build/x86_64-apple-macosx/release/ArgumentParser.build/Parsing/Name.swift.o",
        "/Users/Celine/swiftCLIUpdateTool/.build/x86_64-apple-macosx/release/ArgumentParser.build/Parsing/Parsed.swift.o",
        "/Users/Celine/swiftCLIUpdateTool/.build/x86_64-apple-macosx/release/ArgumentParser.build/Parsing/ParsedValues.swift.o",
        "/Users/Celine/swiftCLIUpdateTool/.build/x86_64-apple-macosx/release/ArgumentParser.build/Parsing/ParserError.swift.o",
        "/Users/Celine/swiftCLIUpdateTool/.build/x86_64-apple-macosx/release/ArgumentParser.build/Parsing/SplitArguments.swift.o",
        "/Users/Celine/swiftCLIUpdateTool/.build/x86_64-apple-macosx/release/ArgumentParser.build/Usage/DumpHelpGenerator.swift.o",
        "/Users/Celine/swiftCLIUpdateTool/.build/x86_64-apple-macosx/release/ArgumentParser.build/Usage/HelpCommand.swift.o",
        "/Users/Celine/swiftCLIUpdateTool/.build/x86_64-apple-macosx/release/ArgumentParser.build/Usage/HelpGenerator.swift.o",
        "/Users/Celine/swiftCLIUpdateTool/.build/x86_64-apple-macosx/release/ArgumentParser.build/Usage/MessageInfo.swift.o",
        "/Users/Celine/swiftCLIUpdateTool/.build/x86_64-apple-macosx/release/ArgumentParser.build/Usage/UsageGenerator.swift.o",
        "/Users/Celine/swiftCLIUpdateTool/.build/x86_64-apple-macosx/release/ArgumentParser.build/Utilities/CollectionExtensions.swift.o",
        "/Users/Celine/swiftCLIUpdateTool/.build/x86_64-apple-macosx/release/ArgumentParser.build/Utilities/Platform.swift.o",
        "/Users/Celine/swiftCLIUpdateTool/.build/x86_64-apple-macosx/release/ArgumentParser.build/Utilities/SequenceExtensions.swift.o",
        "/Users/Celine/swiftCLIUpdateTool/.build/x86_64-apple-macosx/release/ArgumentParser.build/Utilities/StringExtensions.swift.o",
        "/Users/Celine/swiftCLIUpdateTool/.build/x86_64-apple-macosx/release/ArgumentParser.build/Utilities/Tree.swift.o"
      ],
      "otherArguments" : [
        "-target",
        "x86_64-apple-macosx10.13",
        "-swift-version",
        "5",
        "-O",
        "-g",
        "-j12",
        "-DSWIFT_PACKAGE",
        "-module-cache-path",
        "/Users/Celine/swiftCLIUpdateTool/.build/x86_64-apple-macosx/release/ModuleCache",
        "-parseable-output",
        "-parse-as-library",
        "-emit-objc-header",
        "-emit-objc-header-path",
        "/Users/Celine/swiftCLIUpdateTool/.build/x86_64-apple-macosx/release/ArgumentParser.build/ArgumentParser-Swift.h",
        "-color-diagnostics",
        "-sdk",
        "/Applications/Xcode.app/Contents/Developer/Platforms/MacOSX.platform/Developer/SDKs/MacOSX13.0.sdk",
        "-F",
        "/Applications/Xcode.app/Contents/Developer/Platforms/MacOSX.platform/Developer/Library/Frameworks",
        "-I",
        "/Applications/Xcode.app/Contents/Developer/Platforms/MacOSX.platform/Developer/usr/lib",
        "-L",
        "/Applications/Xcode.app/Contents/Developer/Platforms/MacOSX.platform/Developer/usr/lib",
        "-suppress-warnings"
      ],
      "outputs" : [
        {
          "kind" : "file",
          "name" : "/Users/Celine/swiftCLIUpdateTool/.build/x86_64-apple-macosx/release/ArgumentParser.build/Completions/BashCompletionsGenerator.swift.o"
        },
        {
          "kind" : "file",
          "name" : "/Users/Celine/swiftCLIUpdateTool/.build/x86_64-apple-macosx/release/ArgumentParser.build/Completions/CompletionsGenerator.swift.o"
        },
        {
          "kind" : "file",
          "name" : "/Users/Celine/swiftCLIUpdateTool/.build/x86_64-apple-macosx/release/ArgumentParser.build/Completions/FishCompletionsGenerator.swift.o"
        },
        {
          "kind" : "file",
          "name" : "/Users/Celine/swiftCLIUpdateTool/.build/x86_64-apple-macosx/release/ArgumentParser.build/Completions/ZshCompletionsGenerator.swift.o"
        },
        {
          "kind" : "file",
          "name" : "/Users/Celine/swiftCLIUpdateTool/.build/x86_64-apple-macosx/release/ArgumentParser.build/Parsable Properties/Argument.swift.o"
        },
        {
          "kind" : "file",
          "name" : "/Users/Celine/swiftCLIUpdateTool/.build/x86_64-apple-macosx/release/ArgumentParser.build/Parsable Properties/ArgumentHelp.swift.o"
        },
        {
          "kind" : "file",
          "name" : "/Users/Celine/swiftCLIUpdateTool/.build/x86_64-apple-macosx/release/ArgumentParser.build/Parsable Properties/ArgumentVisibility.swift.o"
        },
        {
          "kind" : "file",
          "name" : "/Users/Celine/swiftCLIUpdateTool/.build/x86_64-apple-macosx/release/ArgumentParser.build/Parsable Properties/CompletionKind.swift.o"
        },
        {
          "kind" : "file",
          "name" : "/Users/Celine/swiftCLIUpdateTool/.build/x86_64-apple-macosx/release/ArgumentParser.build/Parsable Properties/Errors.swift.o"
        },
        {
          "kind" : "file",
          "name" : "/Users/Celine/swiftCLIUpdateTool/.build/x86_64-apple-macosx/release/ArgumentParser.build/Parsable Properties/Flag.swift.o"
        },
        {
          "kind" : "file",
          "name" : "/Users/Celine/swiftCLIUpdateTool/.build/x86_64-apple-macosx/release/ArgumentParser.build/Parsable Properties/NameSpecification.swift.o"
        },
        {
          "kind" : "file",
          "name" : "/Users/Celine/swiftCLIUpdateTool/.build/x86_64-apple-macosx/release/ArgumentParser.build/Parsable Properties/Option.swift.o"
        },
        {
          "kind" : "file",
          "name" : "/Users/Celine/swiftCLIUpdateTool/.build/x86_64-apple-macosx/release/ArgumentParser.build/Parsable Properties/OptionGroup.swift.o"
        },
        {
          "kind" : "file",
          "name" : "/Users/Celine/swiftCLIUpdateTool/.build/x86_64-apple-macosx/release/ArgumentParser.build/Parsable Types/AsyncParsableCommand.swift.o"
        },
        {
          "kind" : "file",
          "name" : "/Users/Celine/swiftCLIUpdateTool/.build/x86_64-apple-macosx/release/ArgumentParser.build/Parsable Types/CommandConfiguration.swift.o"
        },
        {
          "kind" : "file",
          "name" : "/Users/Celine/swiftCLIUpdateTool/.build/x86_64-apple-macosx/release/ArgumentParser.build/Parsable Types/EnumerableFlag.swift.o"
        },
        {
          "kind" : "file",
          "name" : "/Users/Celine/swiftCLIUpdateTool/.build/x86_64-apple-macosx/release/ArgumentParser.build/Parsable Types/ExpressibleByArgument.swift.o"
        },
        {
          "kind" : "file",
          "name" : "/Users/Celine/swiftCLIUpdateTool/.build/x86_64-apple-macosx/release/ArgumentParser.build/Parsable Types/ParsableArguments.swift.o"
        },
        {
          "kind" : "file",
          "name" : "/Users/Celine/swiftCLIUpdateTool/.build/x86_64-apple-macosx/release/ArgumentParser.build/Parsable Types/ParsableArgumentsValidation.swift.o"
        },
        {
          "kind" : "file",
          "name" : "/Users/Celine/swiftCLIUpdateTool/.build/x86_64-apple-macosx/release/ArgumentParser.build/Parsable Types/ParsableCommand.swift.o"
        },
        {
          "kind" : "file",
          "name" : "/Users/Celine/swiftCLIUpdateTool/.build/x86_64-apple-macosx/release/ArgumentParser.build/Parsing/ArgumentDecoder.swift.o"
        },
        {
          "kind" : "file",
          "name" : "/Users/Celine/swiftCLIUpdateTool/.build/x86_64-apple-macosx/release/ArgumentParser.build/Parsing/ArgumentDefinition.swift.o"
        },
        {
          "kind" : "file",
          "name" : "/Users/Celine/swiftCLIUpdateTool/.build/x86_64-apple-macosx/release/ArgumentParser.build/Parsing/ArgumentSet.swift.o"
        },
        {
          "kind" : "file",
          "name" : "/Users/Celine/swiftCLIUpdateTool/.build/x86_64-apple-macosx/release/ArgumentParser.build/Parsing/CommandParser.swift.o"
        },
        {
          "kind" : "file",
          "name" : "/Users/Celine/swiftCLIUpdateTool/.build/x86_64-apple-macosx/release/ArgumentParser.build/Parsing/InputKey.swift.o"
        },
        {
          "kind" : "file",
          "name" : "/Users/Celine/swiftCLIUpdateTool/.build/x86_64-apple-macosx/release/ArgumentParser.build/Parsing/InputOrigin.swift.o"
        },
        {
          "kind" : "file",
          "name" : "/Users/Celine/swiftCLIUpdateTool/.build/x86_64-apple-macosx/release/ArgumentParser.build/Parsing/Name.swift.o"
        },
        {
          "kind" : "file",
          "name" : "/Users/Celine/swiftCLIUpdateTool/.build/x86_64-apple-macosx/release/ArgumentParser.build/Parsing/Parsed.swift.o"
        },
        {
          "kind" : "file",
          "name" : "/Users/Celine/swiftCLIUpdateTool/.build/x86_64-apple-macosx/release/ArgumentParser.build/Parsing/ParsedValues.swift.o"
        },
        {
          "kind" : "file",
          "name" : "/Users/Celine/swiftCLIUpdateTool/.build/x86_64-apple-macosx/release/ArgumentParser.build/Parsing/ParserError.swift.o"
        },
        {
          "kind" : "file",
          "name" : "/Users/Celine/swiftCLIUpdateTool/.build/x86_64-apple-macosx/release/ArgumentParser.build/Parsing/SplitArguments.swift.o"
        },
        {
          "kind" : "file",
          "name" : "/Users/Celine/swiftCLIUpdateTool/.build/x86_64-apple-macosx/release/ArgumentParser.build/Usage/DumpHelpGenerator.swift.o"
        },
        {
          "kind" : "file",
          "name" : "/Users/Celine/swiftCLIUpdateTool/.build/x86_64-apple-macosx/release/ArgumentParser.build/Usage/HelpCommand.swift.o"
        },
        {
          "kind" : "file",
          "name" : "/Users/Celine/swiftCLIUpdateTool/.build/x86_64-apple-macosx/release/ArgumentParser.build/Usage/HelpGenerator.swift.o"
        },
        {
          "kind" : "file",
          "name" : "/Users/Celine/swiftCLIUpdateTool/.build/x86_64-apple-macosx/release/ArgumentParser.build/Usage/MessageInfo.swift.o"
        },
        {
          "kind" : "file",
          "name" : "/Users/Celine/swiftCLIUpdateTool/.build/x86_64-apple-macosx/release/ArgumentParser.build/Usage/UsageGenerator.swift.o"
        },
        {
          "kind" : "file",
          "name" : "/Users/Celine/swiftCLIUpdateTool/.build/x86_64-apple-macosx/release/ArgumentParser.build/Utilities/CollectionExtensions.swift.o"
        },
        {
          "kind" : "file",
          "name" : "/Users/Celine/swiftCLIUpdateTool/.build/x86_64-apple-macosx/release/ArgumentParser.build/Utilities/Platform.swift.o"
        },
        {
          "kind" : "file",
          "name" : "/Users/Celine/swiftCLIUpdateTool/.build/x86_64-apple-macosx/release/ArgumentParser.build/Utilities/SequenceExtensions.swift.o"
        },
        {
          "kind" : "file",
          "name" : "/Users/Celine/swiftCLIUpdateTool/.build/x86_64-apple-macosx/release/ArgumentParser.build/Utilities/StringExtensions.swift.o"
        },
        {
          "kind" : "file",
          "name" : "/Users/Celine/swiftCLIUpdateTool/.build/x86_64-apple-macosx/release/ArgumentParser.build/Utilities/Tree.swift.o"
        },
        {
          "kind" : "file",
          "name" : "/Users/Celine/swiftCLIUpdateTool/.build/x86_64-apple-macosx/release/ArgumentParser.swiftmodule"
        }
      ],
      "sources" : [
        "/Users/Celine/swiftCLIUpdateTool/.build/checkouts/swift-argument-parser/Sources/ArgumentParser/Completions/BashCompletionsGenerator.swift",
        "/Users/Celine/swiftCLIUpdateTool/.build/checkouts/swift-argument-parser/Sources/ArgumentParser/Completions/CompletionsGenerator.swift",
        "/Users/Celine/swiftCLIUpdateTool/.build/checkouts/swift-argument-parser/Sources/ArgumentParser/Completions/FishCompletionsGenerator.swift",
        "/Users/Celine/swiftCLIUpdateTool/.build/checkouts/swift-argument-parser/Sources/ArgumentParser/Completions/ZshCompletionsGenerator.swift",
        "/Users/Celine/swiftCLIUpdateTool/.build/checkouts/swift-argument-parser/Sources/ArgumentParser/Parsable Properties/Argument.swift",
        "/Users/Celine/swiftCLIUpdateTool/.build/checkouts/swift-argument-parser/Sources/ArgumentParser/Parsable Properties/ArgumentHelp.swift",
        "/Users/Celine/swiftCLIUpdateTool/.build/checkouts/swift-argument-parser/Sources/ArgumentParser/Parsable Properties/ArgumentVisibility.swift",
        "/Users/Celine/swiftCLIUpdateTool/.build/checkouts/swift-argument-parser/Sources/ArgumentParser/Parsable Properties/CompletionKind.swift",
        "/Users/Celine/swiftCLIUpdateTool/.build/checkouts/swift-argument-parser/Sources/ArgumentParser/Parsable Properties/Errors.swift",
        "/Users/Celine/swiftCLIUpdateTool/.build/checkouts/swift-argument-parser/Sources/ArgumentParser/Parsable Properties/Flag.swift",
        "/Users/Celine/swiftCLIUpdateTool/.build/checkouts/swift-argument-parser/Sources/ArgumentParser/Parsable Properties/NameSpecification.swift",
        "/Users/Celine/swiftCLIUpdateTool/.build/checkouts/swift-argument-parser/Sources/ArgumentParser/Parsable Properties/Option.swift",
        "/Users/Celine/swiftCLIUpdateTool/.build/checkouts/swift-argument-parser/Sources/ArgumentParser/Parsable Properties/OptionGroup.swift",
        "/Users/Celine/swiftCLIUpdateTool/.build/checkouts/swift-argument-parser/Sources/ArgumentParser/Parsable Types/AsyncParsableCommand.swift",
        "/Users/Celine/swiftCLIUpdateTool/.build/checkouts/swift-argument-parser/Sources/ArgumentParser/Parsable Types/CommandConfiguration.swift",
        "/Users/Celine/swiftCLIUpdateTool/.build/checkouts/swift-argument-parser/Sources/ArgumentParser/Parsable Types/EnumerableFlag.swift",
        "/Users/Celine/swiftCLIUpdateTool/.build/checkouts/swift-argument-parser/Sources/ArgumentParser/Parsable Types/ExpressibleByArgument.swift",
        "/Users/Celine/swiftCLIUpdateTool/.build/checkouts/swift-argument-parser/Sources/ArgumentParser/Parsable Types/ParsableArguments.swift",
        "/Users/Celine/swiftCLIUpdateTool/.build/checkouts/swift-argument-parser/Sources/ArgumentParser/Parsable Types/ParsableArgumentsValidation.swift",
        "/Users/Celine/swiftCLIUpdateTool/.build/checkouts/swift-argument-parser/Sources/ArgumentParser/Parsable Types/ParsableCommand.swift",
        "/Users/Celine/swiftCLIUpdateTool/.build/checkouts/swift-argument-parser/Sources/ArgumentParser/Parsing/ArgumentDecoder.swift",
        "/Users/Celine/swiftCLIUpdateTool/.build/checkouts/swift-argument-parser/Sources/ArgumentParser/Parsing/ArgumentDefinition.swift",
        "/Users/Celine/swiftCLIUpdateTool/.build/checkouts/swift-argument-parser/Sources/ArgumentParser/Parsing/ArgumentSet.swift",
        "/Users/Celine/swiftCLIUpdateTool/.build/checkouts/swift-argument-parser/Sources/ArgumentParser/Parsing/CommandParser.swift",
        "/Users/Celine/swiftCLIUpdateTool/.build/checkouts/swift-argument-parser/Sources/ArgumentParser/Parsing/InputKey.swift",
        "/Users/Celine/swiftCLIUpdateTool/.build/checkouts/swift-argument-parser/Sources/ArgumentParser/Parsing/InputOrigin.swift",
        "/Users/Celine/swiftCLIUpdateTool/.build/checkouts/swift-argument-parser/Sources/ArgumentParser/Parsing/Name.swift",
        "/Users/Celine/swiftCLIUpdateTool/.build/checkouts/swift-argument-parser/Sources/ArgumentParser/Parsing/Parsed.swift",
        "/Users/Celine/swiftCLIUpdateTool/.build/checkouts/swift-argument-parser/Sources/ArgumentParser/Parsing/ParsedValues.swift",
        "/Users/Celine/swiftCLIUpdateTool/.build/checkouts/swift-argument-parser/Sources/ArgumentParser/Parsing/ParserError.swift",
        "/Users/Celine/swiftCLIUpdateTool/.build/checkouts/swift-argument-parser/Sources/ArgumentParser/Parsing/SplitArguments.swift",
        "/Users/Celine/swiftCLIUpdateTool/.build/checkouts/swift-argument-parser/Sources/ArgumentParser/Usage/DumpHelpGenerator.swift",
        "/Users/Celine/swiftCLIUpdateTool/.build/checkouts/swift-argument-parser/Sources/ArgumentParser/Usage/HelpCommand.swift",
        "/Users/Celine/swiftCLIUpdateTool/.build/checkouts/swift-argument-parser/Sources/ArgumentParser/Usage/HelpGenerator.swift",
        "/Users/Celine/swiftCLIUpdateTool/.build/checkouts/swift-argument-parser/Sources/ArgumentParser/Usage/MessageInfo.swift",
        "/Users/Celine/swiftCLIUpdateTool/.build/checkouts/swift-argument-parser/Sources/ArgumentParser/Usage/UsageGenerator.swift",
        "/Users/Celine/swiftCLIUpdateTool/.build/checkouts/swift-argument-parser/Sources/ArgumentParser/Utilities/CollectionExtensions.swift",
        "/Users/Celine/swiftCLIUpdateTool/.build/checkouts/swift-argument-parser/Sources/ArgumentParser/Utilities/Platform.swift",
        "/Users/Celine/swiftCLIUpdateTool/.build/checkouts/swift-argument-parser/Sources/ArgumentParser/Utilities/SequenceExtensions.swift",
        "/Users/Celine/swiftCLIUpdateTool/.build/checkouts/swift-argument-parser/Sources/ArgumentParser/Utilities/StringExtensions.swift",
        "/Users/Celine/swiftCLIUpdateTool/.build/checkouts/swift-argument-parser/Sources/ArgumentParser/Utilities/Tree.swift"
      ],
      "tempsPath" : "/Users/Celine/swiftCLIUpdateTool/.build/x86_64-apple-macosx/release/ArgumentParser.build",
      "wholeModuleOptimization" : true
    },
    "C.ArgumentParserToolInfo-release.module" : {
      "executable" : "/Applications/Xcode.app/Contents/Developer/Toolchains/XcodeDefault.xctoolchain/usr/bin/swiftc",
      "importPath" : "/Users/Celine/swiftCLIUpdateTool/.build/x86_64-apple-macosx/release",
      "inputs" : [
        {
          "kind" : "file",
          "name" : "/Users/Celine/swiftCLIUpdateTool/.build/checkouts/swift-argument-parser/Sources/ArgumentParserToolInfo/ToolInfo.swift"
        }
      ],
      "isLibrary" : true,
      "moduleName" : "ArgumentParserToolInfo",
      "moduleOutputPath" : "/Users/Celine/swiftCLIUpdateTool/.build/x86_64-apple-macosx/release/ArgumentParserToolInfo.swiftmodule",
      "objects" : [
        "/Users/Celine/swiftCLIUpdateTool/.build/x86_64-apple-macosx/release/ArgumentParserToolInfo.build/ToolInfo.swift.o"
      ],
      "otherArguments" : [
        "-target",
        "x86_64-apple-macosx10.13",
        "-swift-version",
        "5",
        "-O",
        "-g",
        "-j12",
        "-DSWIFT_PACKAGE",
        "-module-cache-path",
        "/Users/Celine/swiftCLIUpdateTool/.build/x86_64-apple-macosx/release/ModuleCache",
        "-parseable-output",
        "-parse-as-library",
        "-emit-objc-header",
        "-emit-objc-header-path",
        "/Users/Celine/swiftCLIUpdateTool/.build/x86_64-apple-macosx/release/ArgumentParserToolInfo.build/ArgumentParserToolInfo-Swift.h",
        "-color-diagnostics",
        "-sdk",
        "/Applications/Xcode.app/Contents/Developer/Platforms/MacOSX.platform/Developer/SDKs/MacOSX13.0.sdk",
        "-F",
        "/Applications/Xcode.app/Contents/Developer/Platforms/MacOSX.platform/Developer/Library/Frameworks",
        "-I",
        "/Applications/Xcode.app/Contents/Developer/Platforms/MacOSX.platform/Developer/usr/lib",
        "-L",
        "/Applications/Xcode.app/Contents/Developer/Platforms/MacOSX.platform/Developer/usr/lib",
        "-suppress-warnings"
      ],
      "outputs" : [
        {
          "kind" : "file",
          "name" : "/Users/Celine/swiftCLIUpdateTool/.build/x86_64-apple-macosx/release/ArgumentParserToolInfo.build/ToolInfo.swift.o"
        },
        {
          "kind" : "file",
          "name" : "/Users/Celine/swiftCLIUpdateTool/.build/x86_64-apple-macosx/release/ArgumentParserToolInfo.swiftmodule"
        }
      ],
      "sources" : [
        "/Users/Celine/swiftCLIUpdateTool/.build/checkouts/swift-argument-parser/Sources/ArgumentParserToolInfo/ToolInfo.swift"
      ],
      "tempsPath" : "/Users/Celine/swiftCLIUpdateTool/.build/x86_64-apple-macosx/release/ArgumentParserToolInfo.build",
      "wholeModuleOptimization" : true
    },
    "C.generate-manual-release.module" : {
      "executable" : "/Applications/Xcode.app/Contents/Developer/Toolchains/XcodeDefault.xctoolchain/usr/bin/swiftc",
      "importPath" : "/Users/Celine/swiftCLIUpdateTool/.build/x86_64-apple-macosx/release",
      "inputs" : [
        {
          "kind" : "file",
          "name" : "/Users/Celine/swiftCLIUpdateTool/.build/checkouts/swift-argument-parser/Tools/generate-manual/AuthorArgument.swift"
        },
        {
          "kind" : "file",
          "name" : "/Users/Celine/swiftCLIUpdateTool/.build/checkouts/swift-argument-parser/Tools/generate-manual/DSL/ArgumentSynopsis.swift"
        },
        {
          "kind" : "file",
          "name" : "/Users/Celine/swiftCLIUpdateTool/.build/checkouts/swift-argument-parser/Tools/generate-manual/DSL/Author.swift"
        },
        {
          "kind" : "file",
          "name" : "/Users/Celine/swiftCLIUpdateTool/.build/checkouts/swift-argument-parser/Tools/generate-manual/DSL/Authors.swift"
        },
        {
          "kind" : "file",
          "name" : "/Users/Celine/swiftCLIUpdateTool/.build/checkouts/swift-argument-parser/Tools/generate-manual/DSL/Core/Container.swift"
        },
        {
          "kind" : "file",
          "name" : "/Users/Celine/swiftCLIUpdateTool/.build/checkouts/swift-argument-parser/Tools/generate-manual/DSL/Core/Empty.swift"
        },
        {
          "kind" : "file",
          "name" : "/Users/Celine/swiftCLIUpdateTool/.build/checkouts/swift-argument-parser/Tools/generate-manual/DSL/Core/ForEach.swift"
        },
        {
          "kind" : "file",
          "name" : "/Users/Celine/swiftCLIUpdateTool/.build/checkouts/swift-argument-parser/Tools/generate-manual/DSL/Core/MDocASTNodeWrapper.swift"
        },
        {
          "kind" : "file",
          "name" : "/Users/Celine/swiftCLIUpdateTool/.build/checkouts/swift-argument-parser/Tools/generate-manual/DSL/Core/MDocBuilder.swift"
        },
        {
          "kind" : "file",
          "name" : "/Users/Celine/swiftCLIUpdateTool/.build/checkouts/swift-argument-parser/Tools/generate-manual/DSL/Core/MDocComponent.swift"
        },
        {
          "kind" : "file",
          "name" : "/Users/Celine/swiftCLIUpdateTool/.build/checkouts/swift-argument-parser/Tools/generate-manual/DSL/Document.swift"
        },
        {
          "kind" : "file",
          "name" : "/Users/Celine/swiftCLIUpdateTool/.build/checkouts/swift-argument-parser/Tools/generate-manual/DSL/DocumentDate.swift"
        },
        {
          "kind" : "file",
          "name" : "/Users/Celine/swiftCLIUpdateTool/.build/checkouts/swift-argument-parser/Tools/generate-manual/DSL/Exit.swift"
        },
        {
          "kind" : "file",
          "name" : "/Users/Celine/swiftCLIUpdateTool/.build/checkouts/swift-argument-parser/Tools/generate-manual/DSL/List.swift"
        },
        {
          "kind" : "file",
          "name" : "/Users/Celine/swiftCLIUpdateTool/.build/checkouts/swift-argument-parser/Tools/generate-manual/DSL/MultiPageDescription.swift"
        },
        {
          "kind" : "file",
          "name" : "/Users/Celine/swiftCLIUpdateTool/.build/checkouts/swift-argument-parser/Tools/generate-manual/DSL/Name.swift"
        },
        {
          "kind" : "file",
          "name" : "/Users/Celine/swiftCLIUpdateTool/.build/checkouts/swift-argument-parser/Tools/generate-manual/DSL/Preamble.swift"
        },
        {
          "kind" : "file",
          "name" : "/Users/Celine/swiftCLIUpdateTool/.build/checkouts/swift-argument-parser/Tools/generate-manual/DSL/Section.swift"
        },
        {
          "kind" : "file",
          "name" : "/Users/Celine/swiftCLIUpdateTool/.build/checkouts/swift-argument-parser/Tools/generate-manual/DSL/SeeAlso.swift"
        },
        {
          "kind" : "file",
          "name" : "/Users/Celine/swiftCLIUpdateTool/.build/checkouts/swift-argument-parser/Tools/generate-manual/DSL/SinglePageDescription.swift"
        },
        {
          "kind" : "file",
          "name" : "/Users/Celine/swiftCLIUpdateTool/.build/checkouts/swift-argument-parser/Tools/generate-manual/DSL/Synopsis.swift"
        },
        {
          "kind" : "file",
          "name" : "/Users/Celine/swiftCLIUpdateTool/.build/checkouts/swift-argument-parser/Tools/generate-manual/Extensions/ArgumentParser+MDoc.swift"
        },
        {
          "kind" : "file",
          "name" : "/Users/Celine/swiftCLIUpdateTool/.build/checkouts/swift-argument-parser/Tools/generate-manual/Extensions/Date+ExpressibleByArgument.swift"
        },
        {
          "kind" : "file",
          "name" : "/Users/Celine/swiftCLIUpdateTool/.build/checkouts/swift-argument-parser/Tools/generate-manual/Extensions/Process+SimpleAPI.swift"
        },
        {
          "kind" : "file",
          "name" : "/Users/Celine/swiftCLIUpdateTool/.build/checkouts/swift-argument-parser/Tools/generate-manual/GenerateManual.swift"
        },
        {
          "kind" : "file",
          "name" : "/Users/Celine/swiftCLIUpdateTool/.build/checkouts/swift-argument-parser/Tools/generate-manual/MDoc/MDocASTNode.swift"
        },
        {
          "kind" : "file",
          "name" : "/Users/Celine/swiftCLIUpdateTool/.build/checkouts/swift-argument-parser/Tools/generate-manual/MDoc/MDocMacro.swift"
        },
        {
          "kind" : "file",
          "name" : "/Users/Celine/swiftCLIUpdateTool/.build/checkouts/swift-argument-parser/Tools/generate-manual/MDoc/MDocSerializationContext.swift"
        },
        {
          "kind" : "file",
          "name" : "/Users/Celine/swiftCLIUpdateTool/.build/checkouts/swift-argument-parser/Tools/generate-manual/MDoc/String+Escaping.swift"
        },
        {
          "kind" : "file",
          "name" : "/Users/Celine/swiftCLIUpdateTool/.build/x86_64-apple-macosx/release/ArgumentParser.swiftmodule"
        },
        {
          "kind" : "file",
          "name" : "/Users/Celine/swiftCLIUpdateTool/.build/x86_64-apple-macosx/release/ArgumentParserToolInfo.swiftmodule"
        }
      ],
      "isLibrary" : false,
      "moduleName" : "generate_manual",
      "moduleOutputPath" : "/Users/Celine/swiftCLIUpdateTool/.build/x86_64-apple-macosx/release/generate_manual.swiftmodule",
      "objects" : [
        "/Users/Celine/swiftCLIUpdateTool/.build/x86_64-apple-macosx/release/generate_manual.build/AuthorArgument.swift.o",
        "/Users/Celine/swiftCLIUpdateTool/.build/x86_64-apple-macosx/release/generate_manual.build/DSL/ArgumentSynopsis.swift.o",
        "/Users/Celine/swiftCLIUpdateTool/.build/x86_64-apple-macosx/release/generate_manual.build/DSL/Author.swift.o",
        "/Users/Celine/swiftCLIUpdateTool/.build/x86_64-apple-macosx/release/generate_manual.build/DSL/Authors.swift.o",
        "/Users/Celine/swiftCLIUpdateTool/.build/x86_64-apple-macosx/release/generate_manual.build/DSL/Core/Container.swift.o",
        "/Users/Celine/swiftCLIUpdateTool/.build/x86_64-apple-macosx/release/generate_manual.build/DSL/Core/Empty.swift.o",
        "/Users/Celine/swiftCLIUpdateTool/.build/x86_64-apple-macosx/release/generate_manual.build/DSL/Core/ForEach.swift.o",
        "/Users/Celine/swiftCLIUpdateTool/.build/x86_64-apple-macosx/release/generate_manual.build/DSL/Core/MDocASTNodeWrapper.swift.o",
        "/Users/Celine/swiftCLIUpdateTool/.build/x86_64-apple-macosx/release/generate_manual.build/DSL/Core/MDocBuilder.swift.o",
        "/Users/Celine/swiftCLIUpdateTool/.build/x86_64-apple-macosx/release/generate_manual.build/DSL/Core/MDocComponent.swift.o",
        "/Users/Celine/swiftCLIUpdateTool/.build/x86_64-apple-macosx/release/generate_manual.build/DSL/Document.swift.o",
        "/Users/Celine/swiftCLIUpdateTool/.build/x86_64-apple-macosx/release/generate_manual.build/DSL/DocumentDate.swift.o",
        "/Users/Celine/swiftCLIUpdateTool/.build/x86_64-apple-macosx/release/generate_manual.build/DSL/Exit.swift.o",
        "/Users/Celine/swiftCLIUpdateTool/.build/x86_64-apple-macosx/release/generate_manual.build/DSL/List.swift.o",
        "/Users/Celine/swiftCLIUpdateTool/.build/x86_64-apple-macosx/release/generate_manual.build/DSL/MultiPageDescription.swift.o",
        "/Users/Celine/swiftCLIUpdateTool/.build/x86_64-apple-macosx/release/generate_manual.build/DSL/Name.swift.o",
        "/Users/Celine/swiftCLIUpdateTool/.build/x86_64-apple-macosx/release/generate_manual.build/DSL/Preamble.swift.o",
        "/Users/Celine/swiftCLIUpdateTool/.build/x86_64-apple-macosx/release/generate_manual.build/DSL/Section.swift.o",
        "/Users/Celine/swiftCLIUpdateTool/.build/x86_64-apple-macosx/release/generate_manual.build/DSL/SeeAlso.swift.o",
        "/Users/Celine/swiftCLIUpdateTool/.build/x86_64-apple-macosx/release/generate_manual.build/DSL/SinglePageDescription.swift.o",
        "/Users/Celine/swiftCLIUpdateTool/.build/x86_64-apple-macosx/release/generate_manual.build/DSL/Synopsis.swift.o",
        "/Users/Celine/swiftCLIUpdateTool/.build/x86_64-apple-macosx/release/generate_manual.build/Extensions/ArgumentParser+MDoc.swift.o",
        "/Users/Celine/swiftCLIUpdateTool/.build/x86_64-apple-macosx/release/generate_manual.build/Extensions/Date+ExpressibleByArgument.swift.o",
        "/Users/Celine/swiftCLIUpdateTool/.build/x86_64-apple-macosx/release/generate_manual.build/Extensions/Process+SimpleAPI.swift.o",
        "/Users/Celine/swiftCLIUpdateTool/.build/x86_64-apple-macosx/release/generate_manual.build/GenerateManual.swift.o",
        "/Users/Celine/swiftCLIUpdateTool/.build/x86_64-apple-macosx/release/generate_manual.build/MDoc/MDocASTNode.swift.o",
        "/Users/Celine/swiftCLIUpdateTool/.build/x86_64-apple-macosx/release/generate_manual.build/MDoc/MDocMacro.swift.o",
        "/Users/Celine/swiftCLIUpdateTool/.build/x86_64-apple-macosx/release/generate_manual.build/MDoc/MDocSerializationContext.swift.o",
        "/Users/Celine/swiftCLIUpdateTool/.build/x86_64-apple-macosx/release/generate_manual.build/MDoc/String+Escaping.swift.o"
      ],
      "otherArguments" : [
        "-target",
        "x86_64-apple-macosx10.13",
        "-swift-version",
        "5",
        "-O",
        "-g",
        "-j12",
        "-DSWIFT_PACKAGE",
        "-module-cache-path",
        "/Users/Celine/swiftCLIUpdateTool/.build/x86_64-apple-macosx/release/ModuleCache",
        "-parseable-output",
        "-Xfrontend",
        "-entry-point-function-name",
        "-Xfrontend",
        "generate_manual_main",
        "-color-diagnostics",
        "-sdk",
        "/Applications/Xcode.app/Contents/Developer/Platforms/MacOSX.platform/Developer/SDKs/MacOSX13.0.sdk",
        "-F",
        "/Applications/Xcode.app/Contents/Developer/Platforms/MacOSX.platform/Developer/Library/Frameworks",
        "-I",
        "/Applications/Xcode.app/Contents/Developer/Platforms/MacOSX.platform/Developer/usr/lib",
        "-L",
        "/Applications/Xcode.app/Contents/Developer/Platforms/MacOSX.platform/Developer/usr/lib",
        "-suppress-warnings"
      ],
      "outputs" : [
        {
          "kind" : "file",
          "name" : "/Users/Celine/swiftCLIUpdateTool/.build/x86_64-apple-macosx/release/generate_manual.build/AuthorArgument.swift.o"
        },
        {
          "kind" : "file",
          "name" : "/Users/Celine/swiftCLIUpdateTool/.build/x86_64-apple-macosx/release/generate_manual.build/DSL/ArgumentSynopsis.swift.o"
        },
        {
          "kind" : "file",
          "name" : "/Users/Celine/swiftCLIUpdateTool/.build/x86_64-apple-macosx/release/generate_manual.build/DSL/Author.swift.o"
        },
        {
          "kind" : "file",
          "name" : "/Users/Celine/swiftCLIUpdateTool/.build/x86_64-apple-macosx/release/generate_manual.build/DSL/Authors.swift.o"
        },
        {
          "kind" : "file",
          "name" : "/Users/Celine/swiftCLIUpdateTool/.build/x86_64-apple-macosx/release/generate_manual.build/DSL/Core/Container.swift.o"
        },
        {
          "kind" : "file",
          "name" : "/Users/Celine/swiftCLIUpdateTool/.build/x86_64-apple-macosx/release/generate_manual.build/DSL/Core/Empty.swift.o"
        },
        {
          "kind" : "file",
          "name" : "/Users/Celine/swiftCLIUpdateTool/.build/x86_64-apple-macosx/release/generate_manual.build/DSL/Core/ForEach.swift.o"
        },
        {
          "kind" : "file",
          "name" : "/Users/Celine/swiftCLIUpdateTool/.build/x86_64-apple-macosx/release/generate_manual.build/DSL/Core/MDocASTNodeWrapper.swift.o"
        },
        {
          "kind" : "file",
          "name" : "/Users/Celine/swiftCLIUpdateTool/.build/x86_64-apple-macosx/release/generate_manual.build/DSL/Core/MDocBuilder.swift.o"
        },
        {
          "kind" : "file",
          "name" : "/Users/Celine/swiftCLIUpdateTool/.build/x86_64-apple-macosx/release/generate_manual.build/DSL/Core/MDocComponent.swift.o"
        },
        {
          "kind" : "file",
          "name" : "/Users/Celine/swiftCLIUpdateTool/.build/x86_64-apple-macosx/release/generate_manual.build/DSL/Document.swift.o"
        },
        {
          "kind" : "file",
          "name" : "/Users/Celine/swiftCLIUpdateTool/.build/x86_64-apple-macosx/release/generate_manual.build/DSL/DocumentDate.swift.o"
        },
        {
          "kind" : "file",
          "name" : "/Users/Celine/swiftCLIUpdateTool/.build/x86_64-apple-macosx/release/generate_manual.build/DSL/Exit.swift.o"
        },
        {
          "kind" : "file",
          "name" : "/Users/Celine/swiftCLIUpdateTool/.build/x86_64-apple-macosx/release/generate_manual.build/DSL/List.swift.o"
        },
        {
          "kind" : "file",
          "name" : "/Users/Celine/swiftCLIUpdateTool/.build/x86_64-apple-macosx/release/generate_manual.build/DSL/MultiPageDescription.swift.o"
        },
        {
          "kind" : "file",
          "name" : "/Users/Celine/swiftCLIUpdateTool/.build/x86_64-apple-macosx/release/generate_manual.build/DSL/Name.swift.o"
        },
        {
          "kind" : "file",
          "name" : "/Users/Celine/swiftCLIUpdateTool/.build/x86_64-apple-macosx/release/generate_manual.build/DSL/Preamble.swift.o"
        },
        {
          "kind" : "file",
          "name" : "/Users/Celine/swiftCLIUpdateTool/.build/x86_64-apple-macosx/release/generate_manual.build/DSL/Section.swift.o"
        },
        {
          "kind" : "file",
          "name" : "/Users/Celine/swiftCLIUpdateTool/.build/x86_64-apple-macosx/release/generate_manual.build/DSL/SeeAlso.swift.o"
        },
        {
          "kind" : "file",
          "name" : "/Users/Celine/swiftCLIUpdateTool/.build/x86_64-apple-macosx/release/generate_manual.build/DSL/SinglePageDescription.swift.o"
        },
        {
          "kind" : "file",
          "name" : "/Users/Celine/swiftCLIUpdateTool/.build/x86_64-apple-macosx/release/generate_manual.build/DSL/Synopsis.swift.o"
        },
        {
          "kind" : "file",
          "name" : "/Users/Celine/swiftCLIUpdateTool/.build/x86_64-apple-macosx/release/generate_manual.build/Extensions/ArgumentParser+MDoc.swift.o"
        },
        {
          "kind" : "file",
          "name" : "/Users/Celine/swiftCLIUpdateTool/.build/x86_64-apple-macosx/release/generate_manual.build/Extensions/Date+ExpressibleByArgument.swift.o"
        },
        {
          "kind" : "file",
          "name" : "/Users/Celine/swiftCLIUpdateTool/.build/x86_64-apple-macosx/release/generate_manual.build/Extensions/Process+SimpleAPI.swift.o"
        },
        {
          "kind" : "file",
          "name" : "/Users/Celine/swiftCLIUpdateTool/.build/x86_64-apple-macosx/release/generate_manual.build/GenerateManual.swift.o"
        },
        {
          "kind" : "file",
          "name" : "/Users/Celine/swiftCLIUpdateTool/.build/x86_64-apple-macosx/release/generate_manual.build/MDoc/MDocASTNode.swift.o"
        },
        {
          "kind" : "file",
          "name" : "/Users/Celine/swiftCLIUpdateTool/.build/x86_64-apple-macosx/release/generate_manual.build/MDoc/MDocMacro.swift.o"
        },
        {
          "kind" : "file",
          "name" : "/Users/Celine/swiftCLIUpdateTool/.build/x86_64-apple-macosx/release/generate_manual.build/MDoc/MDocSerializationContext.swift.o"
        },
        {
          "kind" : "file",
          "name" : "/Users/Celine/swiftCLIUpdateTool/.build/x86_64-apple-macosx/release/generate_manual.build/MDoc/String+Escaping.swift.o"
        },
        {
          "kind" : "file",
          "name" : "/Users/Celine/swiftCLIUpdateTool/.build/x86_64-apple-macosx/release/generate_manual.swiftmodule"
        }
      ],
      "sources" : [
        "/Users/Celine/swiftCLIUpdateTool/.build/checkouts/swift-argument-parser/Tools/generate-manual/AuthorArgument.swift",
        "/Users/Celine/swiftCLIUpdateTool/.build/checkouts/swift-argument-parser/Tools/generate-manual/DSL/ArgumentSynopsis.swift",
        "/Users/Celine/swiftCLIUpdateTool/.build/checkouts/swift-argument-parser/Tools/generate-manual/DSL/Author.swift",
        "/Users/Celine/swiftCLIUpdateTool/.build/checkouts/swift-argument-parser/Tools/generate-manual/DSL/Authors.swift",
        "/Users/Celine/swiftCLIUpdateTool/.build/checkouts/swift-argument-parser/Tools/generate-manual/DSL/Core/Container.swift",
        "/Users/Celine/swiftCLIUpdateTool/.build/checkouts/swift-argument-parser/Tools/generate-manual/DSL/Core/Empty.swift",
        "/Users/Celine/swiftCLIUpdateTool/.build/checkouts/swift-argument-parser/Tools/generate-manual/DSL/Core/ForEach.swift",
        "/Users/Celine/swiftCLIUpdateTool/.build/checkouts/swift-argument-parser/Tools/generate-manual/DSL/Core/MDocASTNodeWrapper.swift",
        "/Users/Celine/swiftCLIUpdateTool/.build/checkouts/swift-argument-parser/Tools/generate-manual/DSL/Core/MDocBuilder.swift",
        "/Users/Celine/swiftCLIUpdateTool/.build/checkouts/swift-argument-parser/Tools/generate-manual/DSL/Core/MDocComponent.swift",
        "/Users/Celine/swiftCLIUpdateTool/.build/checkouts/swift-argument-parser/Tools/generate-manual/DSL/Document.swift",
        "/Users/Celine/swiftCLIUpdateTool/.build/checkouts/swift-argument-parser/Tools/generate-manual/DSL/DocumentDate.swift",
        "/Users/Celine/swiftCLIUpdateTool/.build/checkouts/swift-argument-parser/Tools/generate-manual/DSL/Exit.swift",
        "/Users/Celine/swiftCLIUpdateTool/.build/checkouts/swift-argument-parser/Tools/generate-manual/DSL/List.swift",
        "/Users/Celine/swiftCLIUpdateTool/.build/checkouts/swift-argument-parser/Tools/generate-manual/DSL/MultiPageDescription.swift",
        "/Users/Celine/swiftCLIUpdateTool/.build/checkouts/swift-argument-parser/Tools/generate-manual/DSL/Name.swift",
        "/Users/Celine/swiftCLIUpdateTool/.build/checkouts/swift-argument-parser/Tools/generate-manual/DSL/Preamble.swift",
        "/Users/Celine/swiftCLIUpdateTool/.build/checkouts/swift-argument-parser/Tools/generate-manual/DSL/Section.swift",
        "/Users/Celine/swiftCLIUpdateTool/.build/checkouts/swift-argument-parser/Tools/generate-manual/DSL/SeeAlso.swift",
        "/Users/Celine/swiftCLIUpdateTool/.build/checkouts/swift-argument-parser/Tools/generate-manual/DSL/SinglePageDescription.swift",
        "/Users/Celine/swiftCLIUpdateTool/.build/checkouts/swift-argument-parser/Tools/generate-manual/DSL/Synopsis.swift",
        "/Users/Celine/swiftCLIUpdateTool/.build/checkouts/swift-argument-parser/Tools/generate-manual/Extensions/ArgumentParser+MDoc.swift",
        "/Users/Celine/swiftCLIUpdateTool/.build/checkouts/swift-argument-parser/Tools/generate-manual/Extensions/Date+ExpressibleByArgument.swift",
        "/Users/Celine/swiftCLIUpdateTool/.build/checkouts/swift-argument-parser/Tools/generate-manual/Extensions/Process+SimpleAPI.swift",
        "/Users/Celine/swiftCLIUpdateTool/.build/checkouts/swift-argument-parser/Tools/generate-manual/GenerateManual.swift",
        "/Users/Celine/swiftCLIUpdateTool/.build/checkouts/swift-argument-parser/Tools/generate-manual/MDoc/MDocASTNode.swift",
        "/Users/Celine/swiftCLIUpdateTool/.build/checkouts/swift-argument-parser/Tools/generate-manual/MDoc/MDocMacro.swift",
        "/Users/Celine/swiftCLIUpdateTool/.build/checkouts/swift-argument-parser/Tools/generate-manual/MDoc/MDocSerializationContext.swift",
        "/Users/Celine/swiftCLIUpdateTool/.build/checkouts/swift-argument-parser/Tools/generate-manual/MDoc/String+Escaping.swift"
      ],
      "tempsPath" : "/Users/Celine/swiftCLIUpdateTool/.build/x86_64-apple-macosx/release/generate_manual.build",
      "wholeModuleOptimization" : true
    },
    "C.swiftCLIUpdateTool-release.module" : {
      "executable" : "/Applications/Xcode.app/Contents/Developer/Toolchains/XcodeDefault.xctoolchain/usr/bin/swiftc",
      "importPath" : "/Users/Celine/swiftCLIUpdateTool/.build/x86_64-apple-macosx/release",
      "inputs" : [
        {
          "kind" : "file",
          "name" : "/Users/Celine/swiftCLIUpdateTool/Sources/swiftCLIUpdateTool/IpaTool.swift"
        },
        {
          "kind" : "file",
          "name" : "/Users/Celine/swiftCLIUpdateTool/Sources/swiftCLIUpdateTool/Process.swift"
        },
        {
          "kind" : "file",
          "name" : "/Users/Celine/swiftCLIUpdateTool/Sources/swiftCLIUpdateTool/swiftCLIUpdateTool.swift"
        },
        {
          "kind" : "file",
          "name" : "/Users/Celine/swiftCLIUpdateTool/.build/x86_64-apple-macosx/release/ArgumentParser.swiftmodule"
        },
        {
          "kind" : "file",
          "name" : "/Users/Celine/swiftCLIUpdateTool/.build/x86_64-apple-macosx/release/Alamofire.swiftmodule"
        }
      ],
      "isLibrary" : false,
      "moduleName" : "swiftCLIUpdateTool",
      "moduleOutputPath" : "/Users/Celine/swiftCLIUpdateTool/.build/x86_64-apple-macosx/release/swiftCLIUpdateTool.swiftmodule",
      "objects" : [
        "/Users/Celine/swiftCLIUpdateTool/.build/x86_64-apple-macosx/release/swiftCLIUpdateTool.build/IpaTool.swift.o",
        "/Users/Celine/swiftCLIUpdateTool/.build/x86_64-apple-macosx/release/swiftCLIUpdateTool.build/Process.swift.o",
        "/Users/Celine/swiftCLIUpdateTool/.build/x86_64-apple-macosx/release/swiftCLIUpdateTool.build/swiftCLIUpdateTool.swift.o"
      ],
      "otherArguments" : [
        "-target",
        "x86_64-apple-macosx10.13",
        "-swift-version",
        "5",
        "-O",
        "-g",
        "-j12",
        "-DSWIFT_PACKAGE",
        "-module-cache-path",
        "/Users/Celine/swiftCLIUpdateTool/.build/x86_64-apple-macosx/release/ModuleCache",
        "-parseable-output",
        "-Xfrontend",
        "-entry-point-function-name",
        "-Xfrontend",
        "swiftCLIUpdateTool_main",
        "-color-diagnostics",
        "-sdk",
        "/Applications/Xcode.app/Contents/Developer/Platforms/MacOSX.platform/Developer/SDKs/MacOSX13.0.sdk",
        "-F",
        "/Applications/Xcode.app/Contents/Developer/Platforms/MacOSX.platform/Developer/Library/Frameworks",
        "-I",
        "/Applications/Xcode.app/Contents/Developer/Platforms/MacOSX.platform/Developer/usr/lib",
        "-L",
        "/Applications/Xcode.app/Contents/Developer/Platforms/MacOSX.platform/Developer/usr/lib"
      ],
      "outputs" : [
        {
          "kind" : "file",
          "name" : "/Users/Celine/swiftCLIUpdateTool/.build/x86_64-apple-macosx/release/swiftCLIUpdateTool.build/IpaTool.swift.o"
        },
        {
          "kind" : "file",
          "name" : "/Users/Celine/swiftCLIUpdateTool/.build/x86_64-apple-macosx/release/swiftCLIUpdateTool.build/Process.swift.o"
        },
        {
          "kind" : "file",
          "name" : "/Users/Celine/swiftCLIUpdateTool/.build/x86_64-apple-macosx/release/swiftCLIUpdateTool.build/swiftCLIUpdateTool.swift.o"
        },
        {
          "kind" : "file",
          "name" : "/Users/Celine/swiftCLIUpdateTool/.build/x86_64-apple-macosx/release/swiftCLIUpdateTool.swiftmodule"
        }
      ],
      "sources" : [
        "/Users/Celine/swiftCLIUpdateTool/Sources/swiftCLIUpdateTool/IpaTool.swift",
        "/Users/Celine/swiftCLIUpdateTool/Sources/swiftCLIUpdateTool/Process.swift",
        "/Users/Celine/swiftCLIUpdateTool/Sources/swiftCLIUpdateTool/swiftCLIUpdateTool.swift"
      ],
      "tempsPath" : "/Users/Celine/swiftCLIUpdateTool/.build/x86_64-apple-macosx/release/swiftCLIUpdateTool.build",
      "wholeModuleOptimization" : true
    },
    "C.swiftCLIUpdateToolTests-release.module" : {
      "executable" : "/Applications/Xcode.app/Contents/Developer/Toolchains/XcodeDefault.xctoolchain/usr/bin/swiftc",
      "importPath" : "/Users/Celine/swiftCLIUpdateTool/.build/x86_64-apple-macosx/release",
      "inputs" : [
        {
          "kind" : "file",
          "name" : "/Users/Celine/swiftCLIUpdateTool/Tests/swiftCLIUpdateToolTests/swiftCLIUpdateToolTests.swift"
        },
        {
          "kind" : "file",
          "name" : "/Users/Celine/swiftCLIUpdateTool/.build/x86_64-apple-macosx/release/swiftCLIUpdateTool"
        },
        {
          "kind" : "file",
          "name" : "/Users/Celine/swiftCLIUpdateTool/.build/x86_64-apple-macosx/release/Alamofire.swiftmodule"
        }
      ],
      "isLibrary" : true,
      "moduleName" : "swiftCLIUpdateToolTests",
      "moduleOutputPath" : "/Users/Celine/swiftCLIUpdateTool/.build/x86_64-apple-macosx/release/swiftCLIUpdateToolTests.swiftmodule",
      "objects" : [
        "/Users/Celine/swiftCLIUpdateTool/.build/x86_64-apple-macosx/release/swiftCLIUpdateToolTests.build/swiftCLIUpdateToolTests.swift.o"
      ],
      "otherArguments" : [
        "-target",
        "x86_64-apple-macosx11.0",
        "-swift-version",
        "5",
        "-index-store-path",
        "/Users/Celine/swiftCLIUpdateTool/.build/x86_64-apple-macosx/release/index/store",
        "-O",
        "-enable-testing",
        "-g",
        "-j12",
        "-DSWIFT_PACKAGE",
        "-module-cache-path",
        "/Users/Celine/swiftCLIUpdateTool/.build/x86_64-apple-macosx/release/ModuleCache",
        "-parseable-output",
        "-parse-as-library",
        "-color-diagnostics",
        "-sdk",
        "/Applications/Xcode.app/Contents/Developer/Platforms/MacOSX.platform/Developer/SDKs/MacOSX13.0.sdk",
        "-F",
        "/Applications/Xcode.app/Contents/Developer/Platforms/MacOSX.platform/Developer/Library/Frameworks",
        "-I",
        "/Applications/Xcode.app/Contents/Developer/Platforms/MacOSX.platform/Developer/usr/lib",
        "-L",
        "/Applications/Xcode.app/Contents/Developer/Platforms/MacOSX.platform/Developer/usr/lib"
      ],
      "outputs" : [
        {
          "kind" : "file",
          "name" : "/Users/Celine/swiftCLIUpdateTool/.build/x86_64-apple-macosx/release/swiftCLIUpdateToolTests.build/swiftCLIUpdateToolTests.swift.o"
        },
        {
          "kind" : "file",
          "name" : "/Users/Celine/swiftCLIUpdateTool/.build/x86_64-apple-macosx/release/swiftCLIUpdateToolTests.swiftmodule"
        }
      ],
      "sources" : [
        "/Users/Celine/swiftCLIUpdateTool/Tests/swiftCLIUpdateToolTests/swiftCLIUpdateToolTests.swift"
      ],
      "tempsPath" : "/Users/Celine/swiftCLIUpdateTool/.build/x86_64-apple-macosx/release/swiftCLIUpdateToolTests.build",
      "wholeModuleOptimization" : true
    }
  },
  "swiftFrontendCommands" : {

  },
  "testDiscoveryCommands" : {

  }
}