{
  "": {
    "dependencies": "/Users/Celine/swiftCLIUpdateTool/.build/x86_64-apple-macosx/release/swiftCLIUpdateTool.build/swiftCLIUpdateTool.d",
    "object": "/Users/Celine/swiftCLIUpdateTool/.build/x86_64-apple-macosx/release/swiftCLIUpdateTool.build/swiftCLIUpdateTool.o",
    "swift-dependencies": "/Users/Celine/swiftCLIUpdateTool/.build/x86_64-apple-macosx/release/swiftCLIUpdateTool.build/master.swiftdeps"
  },
  "/Users/Celine/swiftCLIUpdateTool/Sources/swiftCLIUpdateTool/IpaTool.swift": {
    "object": "/Users/Celine/swiftCLIUpdateTool/.build/x86_64-apple-macosx/release/swiftCLIUpdateTool.build/IpaTool.swift.o",
    "swiftmodule": "/Users/Celine/swiftCLIUpdateTool/.build/x86_64-apple-macosx/release/swiftCLIUpdateTool.build/IpaTool~partial.swiftmodule",
    "swift-dependencies": "/Users/Celine/swiftCLIUpdateTool/.build/x86_64-apple-macosx/release/swiftCLIUpdateTool.build/IpaTool.swiftdeps"
  },
  "/Users/Celine/swiftCLIUpdateTool/Sources/swiftCLIUpdateTool/Process.swift": {
    "object": "/Users/Celine/swiftCLIUpdateTool/.build/x86_64-apple-macosx/release/swiftCLIUpdateTool.build/Process.swift.o",
    "swiftmodule": "/Users/Celine/swiftCLIUpdateTool/.build/x86_64-apple-macosx/release/swiftCLIUpdateTool.build/Process~partial.swiftmodule",
    "swift-dependencies": "/Users/Celine/swiftCLIUpdateTool/.build/x86_64-apple-macosx/release/swiftCLIUpdateTool.build/Process.swiftdeps"
  },
  "/Users/Celine/swiftCLIUpdateTool/Sources/swiftCLIUpdateTool/swiftCLIUpdateTool.swift": {
    "object": "/Users/Celine/swiftCLIUpdateTool/.build/x86_64-apple-macosx/release/swiftCLIUpdateTool.build/swiftCLIUpdateTool.swift.o",
    "swiftmodule": "/Users/Celine/swiftCLIUpdateTool/.build/x86_64-apple-macosx/release/swiftCLIUpdateTool.build/swiftCLIUpdateTool~partial.swiftmodule",
    "swift-dependencies": "/Users/Celine/swiftCLIUpdateTool/.build/x86_64-apple-macosx/release/swiftCLIUpdateTool.build/swiftCLIUpdateTool.swiftdeps"
  }
}
