{
  "": {
    "dependencies": "/Users/Celine/swiftCLIUpdateTool/.build/x86_64-apple-macosx/release/ArgumentParserToolInfo.build/ArgumentParserToolInfo.d",
    "object": "/Users/Celine/swiftCLIUpdateTool/.build/x86_64-apple-macosx/release/ArgumentParserToolInfo.build/ArgumentParserToolInfo.o",
    "swift-dependencies": "/Users/Celine/swiftCLIUpdateTool/.build/x86_64-apple-macosx/release/ArgumentParserToolInfo.build/master.swiftdeps"
  },
  "/Users/Celine/swiftCLIUpdateTool/.build/checkouts/swift-argument-parser/Sources/ArgumentParserToolInfo/ToolInfo.swift": {
    "object": "/Users/Celine/swiftCLIUpdateTool/.build/x86_64-apple-macosx/release/ArgumentParserToolInfo.build/ToolInfo.swift.o",
    "swiftmodule": "/Users/Celine/swiftCLIUpdateTool/.build/x86_64-apple-macosx/release/ArgumentParserToolInfo.build/ToolInfo~partial.swiftmodule",
    "swift-dependencies": "/Users/Celine/swiftCLIUpdateTool/.build/x86_64-apple-macosx/release/ArgumentParserToolInfo.build/ToolInfo.swiftdeps"
  }
}
